Data pubblicazione;Fonte;Lingua;URL;Titolo;Eventi;Tema;Affidabilit‡ della fonte (A-F);Attendibilit‡† delle informazioni (1-6);Nota QIC;Valutazioni;Previsioni;Fattori;Categoria PESTL-SM
19/06/2026;BBC Monitoring;inglese;https://monitoring.bbc.co.uk/product/b00063s3;Briefing: Libyan rival institutions agree on election roadmap;"At a glance: (1) Libya's key governing institutions announced on 18 June that they agreed on a roadmap to bring the country's transitional phase to an end; (2) Presidential and parliamentary elections should be held no later than 17 February 2027, according to the agreement; (3) Meanwhile, the eastern-based Libyan National Army said that it backed a separate US-led initiative to unify executive power before elections. The Tripoli-based Presidential Council and High Council of State (HCS) and the east-based House of Representatives (HoR) made the announcement on 18 June, noting their agreement on a principles document aimed at ending the transitional phase. They said in a joint statement that the polls should be held simultaneously no later than 17 February 2027 based on the 6+6 electoral laws and the 13th constitutional amendment. The roadmap provides for a sovereign committee to oversee the electoral process, including the Governor of the Central Bank of Libya and the chairman of HNEC, plus representatives from the security sector and the 5+5 Joint Military Commission. The document also includes measures on oil revenues, frozen assets, oversight of natural resources and a unified budget. The LNA issued a statement expressing support for a separate US-led initiative to unify executive power before elections.";POL;B- Usually reliable;2- Probably true;"BBC Monitoring- servizio professionale di monitoraggio e analisi dei media globali della BBC. Aggregatore secondario di alto livello con accesso a media in oltre 100 paesi e lingue. Rating B: affidabilit‡† elevata per la capacit‡† di sintesi e selezione delle fonti; classificato come fonte secondaria perch‡© non produce reportage originale ma rielabora e sintetizza contenuti da media locali libici. Il contenuto del briefing del 19/06 riporta una dichiarazione congiunta ufficiale di HCS, PC e HoR del 18 giugno 2026- un atto istituzionale verificabile e cross-confermabile con fonti primarie. Tuttavia, la mediazione editoriale di BBC Monitoring introduce un livello di selezione che non consente il rating A. Attendibilit‡† 2 (Probably true): la notizia dell'accordo sul roadmap elettorale ‡® coerente con le dinamiche in corso nel corpus (UNSMIL Structured Dialogue, Piano Boulos, Flintlock 26) ed ‡® attribuita a una dichiarazione congiunta formale delle tre principali istituzioni libiche. Non ‡® tuttavia confermata da una fonte primaria istituzionale diretta nel dataset al momento della valutazione. Nota critica: l'accordo va interpretato con cautela- la storia del processo politico libico mostra che accordi procedurali formali sono stati ripetutamente disattesi (cfr. elezioni previste per dicembre 2021). La posizione distinta della LNA, che appoggia l'iniziativa USA-Boulos invece del roadmap istituzionale, ‡® un segnale di possibile biforcazione dei processi che riduce la plausibilit‡† di un'implementazione coerente.";[POL] L'accordo sul roadmap elettorale del 18 giugno 2026 rappresenta il segnale politico-istituzionale pi‡π significativo del corpus: per la prima volta HCS, PC e HoR firmano congiuntamente un documento che fissa una data elettorale (17 febbraio 2027) e un framework procedurale condiviso. Questo rafforza parzialmente il driver P.1 (Piano Boulos/Riunificazione politica), ma la posizione autonoma della LNA- che sostiene il tracciato USA invece del roadmap istituzionale- segnala che M.3 rimane una variabile non allineata. Il rischio di una doppia traiettoria (roadmap UNSMIL vs. iniziativa Boulos) ‡® la principale vulnerabilit‡† dell'accordo.;[POL] Probabilit‡† di rispetto della scadenza del 17 febbraio 2027: bassa-media (30-40%). I precedenti storici (elezioni dicembre 2021 annullate) e la posizione divergente della LNA suggeriscono che il roadmap potr‡† essere rinegoziato o svuotato prima della scadenza. L'accordo ha tuttavia valore segnaletico significativo per gli investitori occidentali e per il processo EPSA V.;"Roadmap elettorale; HCS; PC; HoR; LNA; Piano Boulos; UNSMIL; 6+6 Committee; elezioni 2027";P - Political
18/06/2026;Ufficio stampa del Consiglio presidenziale libico su Facebook;arabo;https://www.facebook.com/Media.PC.Libya/posts/pfbid0LDBfbK64JwPikLtxfaNhjDdLbJTwtKavi63tYofXBrw23ys1LAuNHvcYqR8YyvRwl;Comunicato congiunto del Consiglio di Stato sulle elezioni in Libia;"Nel corso di una riunione congiunta, il Presidente della Camera dei Rappresentanti (HoR), il Presidente del Consiglio Supremo di Stato (HCS) e il Presidente del Consiglio Presidenziale (PC) hanno concordato di adottare un documento di principi che costituisce una tabella di marcia per il completamento della fase preliminare. Il documento include: (1) intese relative al completamento del quadro costituzionale e giuridico per le elezioni presidenziali e parlamentari; (2) unificazione delle istituzioni sovrane dello Stato; (3) rafforzamento della sovranit‡† nazionale; (4) approvazione delle riforme economiche e finanziarie per la protezione delle risorse pubbliche e il mantenimento dell'unit‡† delle istituzioni statali. Il comunicato ‡® pubblicato dalla pagina ufficiale dell'Ufficio stampa del Consiglio presidenziale (facebook.com/Media.PC.Libya) in data 18 giugno 2026. Nota: il documento costituisce la fonte primaria dell'accordo riportato in sintesi da BBC Monitoring nel briefing del 19/06/2026 gi‡† presente nel corpus (riga 1).";POL;C- Fairly reliable;1- Credible/Confirmed;"Ufficio stampa del Consiglio Presidenziale libico su Facebook (facebook.com/Media.PC.Libya)- Pagina Facebook ufficiale verificata dell'ufficio comunicazione del PC, uno dei tre organi istituzionali di vertice della Libia occidentale (GNU). Rating C (Fairly reliable): il canale ‡® istituzionalmente legittimo ma informale e privo di filtro editoriale indipendente. Il contenuto ‡® prodotto direttamente dall'ente che ha partecipato all'evento descritto, con evidente interesse comunicativo nella narrativa di convergenza istituzionale. Non esistono meccanismi di verifica terza dei contenuti pubblicati. Comparabile ai precedenti nel corpus: U.S. Senior Advisor su X (C/2) e @UNSMILibya su X (C/3). Il rating C ‡® preferito a D poich‡© si tratta di un ufficio stampa istituzionale strutturato - non un account personale - con storico di comunicazione verificabile. Attendibilit‡† 1 (Credible/Confirmed): il comunicato del 18/06/2026 ‡® la FONTE PRIMARIA dell'accordo trilaterale PC+HCS+HoR riportato da BBC Monitoring nel briefing del 19/06 (gi‡† in corpus, rating B/2). La presenza nel dataset di due voci indipendenti - la fonte primaria istituzionale (C/1) e il monitor media professionale che la riporta (B/2) - consente la cross-conferma e giustifica l'upgrade dell'attendibilit‡† a 1 per questa voce. Nota critica: il comunicato PC riflette esclusivamente la prospettiva della Libia occidentale; non include la posizione della LNA che, come riportato da BBC Monitoring, ha sostenuto parallelamente l'iniziativa USA-Boulos anzich‡© il roadmap UNSMIL. Il documento va quindi interpretato come segnale istituzionale parziale, non come accordo completo.";[POL] Il comunicato ufficiale del PC del 18/06/2026 costituisce la fonte primaria dell'accordo trilaterale PC+HCS+HoR sul roadmap elettorale (elezioni entro 17 febbraio 2027). La sua presenza nel corpus come fonte C/1 - in combinazione con BBC Monitoring B/2 - eleva il livello di certezza fattuale dell'evento: l'accordo istituzionale ‡® ora CONFERMATO da fonte primaria diretta. Tuttavia, il tono del comunicato ‡® interamente positivo e non include riferimento alla posizione divergente della LNA, che sostiene il percorso parallelo Boulos-USA. Questo silenzio ‡® analiticamento rilevante: il PC non riconosce pubblicamente la biforcazione dei processi, il che potrebbe indicare una strategia comunicativa deliberata di presentare l'accordo come pi‡π consolidato di quanto non sia nella realt‡† operativa.;[POL] La conferma della fonte primaria del roadmap elettorale non modifica la valutazione di probabilit‡† di attuazione: bassa-media (30-40%) entro il 17 febbraio 2027. L'esistenza del comunicato ufficiale PC prova l'intenzione dichiarata delle istituzioni occidentali, ma non risolve il problema strutturale della mancata adesione LNA al medesimo framework. Il rischio di una doppia traiettoria (roadmap UNSMIL/PC vs. iniziativa Boulos-LNA) rimane la principale vulnerabilit‡† sistemica del processo.;"Consiglio Presidenziale; HCS; HoR; roadmap elettorale; elezioni 2027; documento di principi; unificazione istituzionale; Facebook ufficiale";P - Political
17/06/2026;FT;inglese;https://www.ft.com/content/f5c43a41-3fa1-486e-a592-7933bc1bdcbd?syn-25a6b1a6=1;Trump adviser pushes power-sharing plan for oil-rich Libya;"Massad Boulos, an adviser to US President Donald Trump on the Middle East and Africa, told the FT that he was working to bring the country's fragmented institutions under a single authority while encouraging US oil groups to invest. ""Our plan is to have one unified government and to unify all the institutions,‚Äù said Boulos, a Lebanese-American businessman who is father-in-law to Tiffany, the US president's daughter. Washington, said Boulos, had been encouraging US oil majors to invest in Libya, noting that ConocoPhillips and Chevron had already signed agreements with Libya in 2026. Boulos said his plan would be ""complementary‚Äù to UN efforts to hold parliamentary elections and could end up as ""part of a package‚Äù and a ""short-term arrangement‚Äù preceding parliamentary and presidential polls. The plan would place Saddam Haftar, son of Khalifa Haftar the warlord who controls eastern Libya, at the head of an executive presidential council, according to people familiar with the matter. They added that Abdul Hamid Dbeibeh, prime minister since 2021 of the UN-recognised government in Tripoli in western Libya, would remain in his post, while a close relative would occupy a national security post. Saddam Haftar is chief of staff of the ground forces of the self-styled Libyan National Army, the armed faction his father commands. In Haftar's fiefdom in eastern Libya no dissent is tolerated and human rights groups allege that brutal methods have been used to silence opponents. Dbeibeh's tenure as prime minister is protected by a patchwork of aligned armed groups, some of which have been accused by UN bodies of crimes including torture, illegal detention and human trafficking in migrants.";POL;A- Completely reliable;2- Probably true;"Financial Times- quotidiano finanziario internazionale fondato nel 1888. Tra i pi‡π autorevoli media di riferimento globale per economia, finanza e geopolitica. Rating A: standard editoriali eccellenti, redazione internazionale specializzata, policy rigorosa di verifica delle fonti. Nota sull'attendibilit‡† differenziata: A/1 per notizie fattuali verificate (es. firma accordi, dati NOC); A/2 per articoli di analisi o inchiesta basati su ""persone a conoscenza della vicenda"" non identificate- come nel caso del piano Boulos del 17/06/2026, dove le fonti restano anonime.";[POL] UN attempts to hold elections to unite Libya have been repeatedly thwarted by politicians and armed factions fearful of losing influence and access to state resources including billions of dollars in revenues from oil exports, UN officials and analysts have said.;"[POL] Boulos pointed to steps taken on his roadmap to unite Libya. These include agreement in November on development funding for both sides of the country - traditionally a bone of contention. In addition, for the first time in more than a decade, east and west signed a national unified budget in April. The two sides, he added, also took part in Flintlock, a military exercise led by US Africa Command that was held in Libya in April.. But diplomats and analysts say they are sceptical the Boulos deal, which would formalise the power wielded by leaders who have relied on armed factions in Libya, could be achieved given mistrust between the two sides and the compromises that would have to be made on governing together. Italy, Libya's main trading partner, has been consulted about the plan and is supportive but believes that implementation would probably be challenging, said another person with knowledge of the matter. Emadeddin Badi, a Libya analyst and co-founder of Informmi, a political risk consultancy, said the US approach to Libya was in keeping with the Trump administration's ""very transactional‚Äù style of foreign policy. The two sides ruling Libya ""depend on armed groups, so they're not able to reform them‚Äù, said Badi.";Iniziativa diplomatica USA (Piano Boulos);P - Political
17/06/2026;Euronews;inglese;https://www.euronews.com/my-europe/2026/06/17/eu-parliament-approves-strictest-ever-migration-law;EU Parliament approves 'strictest-ever' migration law;On 17 June 2026 the European Parliament gave the final green light to a new EU law allowing controversial return hubs outside the bloc and home searches, as conservatives voted with far-right groups to pass the legislation. It allows EU countries to set up deportation centres outside the bloc (return hubs), through agreements with non-EU countries. Only unaccompanied minors would be exempt from the measure. The legislation raises the maximum legal detention period for irregular migrants from six months to two years, with a possible six-month extension and an unlimited duration for persons considered as posing a security risk. Entry bans would rise from five to ten years in most cases, with lifetime bans possible for security risks. Deportations are no longer automatically suspended while legal challenges are pending.;MIG;B- Usually reliable;2- Probably true;"Euronews- emittente televisiva e digitale pan-europea. Copertura generalista multilingue con buon accesso alle istituzioni UE. Affidabile per notizie di fact-reporting su legislazione europea; copertura meno approfondita rispetto a media specializzati per analisi geopolitica. Rating B/2: fonte di secondo livello- utile per confermare sviluppi legislativi e dichiarazioni istituzionali, con struttura editoriale professionale ma orientamento generalista.";"[MIG] The ""return regulation"" is the bloc's toughest shift in migration policy in decades.";[MIG] It is considered controversial as it would allow EU countries to set up deportation centres outside the bloc, known as return hubs, through agreements with non-EU countries.;Contenimento dei flussi migratori e riforme UE;L - Legal
16/06/2026;Ecofin Agency;inglese;https://www.ecofinagency.com/news-industry/1606-56498-libya-marks-oil-majors-return-with-new-production-sharing-contracts;Libya Marks Oil Majors' Return With New Production-Sharing Contracts;Libya's National Oil Corporation (NOC) signed production-sharing contracts (PSCs) with several international energy companies on Monday, June 15, marking a major milestone in the country's efforts to attract foreign investment and expand oil production. The agreements were signed with Spain's Repsol and Turkey's Turkish Petroleum Corporation (TPAO), Italy's Eni and Qatar's QatarEnergy, as well as a consortium comprising Hungary's MOL Group, TPAO and Repsol. The contracts follow the results of a licensing round announced in February, in which several companies secured exploration licenses for Libyan blocks. The contracts also introduce a new framework for sharing oil revenues between the NOC and its foreign partners, known as EPSA V, the fifth generation of exploration and production-sharing agreements signed in Libya since the 1970s.;ENE;B- Usually reliable;2- Probably true;Agenzia di stampa specializzata in economia e finanza africana. Generalmente affidabile ma meno strutturata editorialmente rispetto ad agenzie internazionali di primo piano.;[ECO] The contracts with foreign companies add to a series of initiatives launched by the state oil company in recent weeks. The company signed cooperation agreements with services provider SLB and the Project Management Institute to strengthen its technical expertise and workforce capabilities.;[ECO] Its stated objective remains to reach 2 million barrels per day by 2030. Libya is also targeting production of 1.6 million barrels per day by the end of this year as an interim milestone.;Aumento della produzione energetica e prezzi del greggio;E - Economic
15/06/2026;Engineering News;inglese;https://www.engineeringnews.co.za/article/libyas-noc-signs-production-sharing-deals-with-foreign-firms-after-licensing-round-2026-06-15;Libya's NOC signs production-sharing deals with foreign firms after licensing round;Libya's National Oil Corporation (NOC) has signed production-sharing agreements with several international energy companies following the country's first licensing round in nearly two decades, its chairperson Massoud Suleman said on Monday. The agreements were signed with Spain's Repsol and T‡ºkiye's State-owned T‡ºrkiye Petrolleri, Italy's Eni and QatarEnergy, and a consortium comprising Hungary's MOL Group, T‡ºrkiye Petrolleri and Repsol, Suleman said in a statement posted on social media.;ENE;B- Usually reliable;2- Probably true;"Rivista sudafricana specializzata in ingegneria, energia e industria estrattiva. Buona reputazione settoriale; copertura Africa estesa.";;;Evoluzione del contesto ene;E - Economic
15/06/2026;Dipartimento della Pubblica Sicurezza;italiano;https://www.interno.gov.it/it/stampa-e-comunicazione/dati-e-statistiche/cruscotto-statistico-giornaliero;Cruscotto statistico giornaliero- Sbarchi, rimpatri e presenze in accoglienza al 15/06/2026;SBARCHI IN ITALIA- Fonte: Dipartimento della Pubblica Sicurezza, aggiornamento 15/06/2026. Totale migranti sbarcati (1¬∞ gennaio- 15 giugno): 2026: 12.737 | 2025: 27.059 | 2024: 23.417. Variazione 2026 vs 2025: -52,9%. Variazione 2026 vs 2024: -45,6%. Dati mensili 2026: Gen 1.457 | Feb 2.510 | Mar 2.150 | Apr 2.459 | Mag 3.054 | Giu (parziale fino 15/06) 1.107. MSNA (Minori Stranieri Non Accompagnati) sbarcati (1¬∞ gen- 15 giu): 2026: 2.325 | 2025: 4.796 | 2024: 3.387. RIMPATRI (1¬∞ gen- 11 giu 2026): Forzati 3.376 | Volontari assistiti 518 | Totale 3.894 (vs 2025: 2.910 | vs 2024: 2.339). PRESENZE IN ACCOGLIENZA al 15/06/2026: Totale nazionale 133.105 (Hot spot: 253 | Centri accoglienza: 92.585 | SAI: 40.267). TOP 10 NAZIONALIT‡Ä SBARCATE (1¬∞ gen- 15 giu 2026): 1. Bangladesh 3.899 (30,6%) | 2. Somalia 1.432 (11,2%) | 3. Pakistan 1.150 (9,0%) | 4. Sudan 1.114 (8,7%) | 5. Algeria 872 (6,8%) | 6. Egitto 847 (6,6%) | 7. Tunisia 532 (4,2%) | 8. Eritrea 351 (2,8%) | 9. Mali 297 (2,3%) | 10. Nigeria 266 (2,1%). Nota: la Libia rimane il principale punto di partenza per la rotta del Mediterraneo Centrale.;MIG;A- Completely reliable;1- Credible/Confirmed;Dipartimento della Pubblica Sicurezza- Ministero dell'Interno italiano. Fonte governativa primaria. Dati amministrativi ufficiali su flussi migratori, sbarchi, rimpatri e presenze nei centri di accoglienza. Aggiornamento giornaliero con metodologia consolidata. Rating A/1: fonte istituzionale diretta, dati verificabili e cross-confermabili con Frontex e IOM. Nota: il dato 2026 al 15/06 ‡® parziale e suscettibile di consolidamento.;;;"Accordi bilaterali; Guardia Costiera Libica; stagionalit‡†; trafficanti di migranti; conflitti";S - Social
12/06/2026;Frontex;inglese;https://www.frontex.europa.eu/media-centre/news/news-release/frontex-irregular-border-crossings-into-the-eu-down-40-in-the-first-five-months-of-2026-h4gbBB;Frontex: Irregular border crossings into the EU down 40% in the first five months of 2026;Nearly 39‚ÄØ000 crossings were recorded, according to preliminary data collected by Frontex. The Central Mediterranean and the Eastern Mediterranean were the busiest routes, each accounting for around a third of all irregular entries into the EU. The overall number of irregular arrivals continues to fall, but the human cost remains high. According to the International Organization for Migration, nearly 1 300 people have lost their lives in the Mediterranean so far this year. The Central Mediterranean was the busiest route in the first five months of the year, with around 11‚ÄØ600 arrivals recorded, nearly half the total from the same period last year. Detections picked up in May as conditions at sea improved, but remained well below last year's levels. Libya was the main departure point. The main nationalities detected were Bangladeshi, Somali and Sudanese. The Eastern Mediterranean recorded around 11‚ÄØ500 crossings, a fall of 28%. The corridor from Libya to Crete remained the most active on the route, ahead of arrivals in the Aegean islands and on the land borders with T‡ºrkiye. ;MIG;A- Completely reliable;1- Credible/Confirmed;"Agenzia UE guardia costiera. Dati statistici affidabili su flussi migratori; possibile bias su operazioni in acque libiche (cfr. HRW, Lighthouse Reports). Rating differenziato: B/2 per dati aggregati; C/3 per valutazioni operative.";;;Contenimento dei flussi migratori e riforme UE;S - Social
12/06/2026;European Commission - Migration and Home Affairs;inglese;https://home-affairs.ec.europa.eu/news/new-migration-and-asylum-rules-enter-application-what-changing-2026-06-12_en;New migration and asylum rules enter into application: what is changing?;On 12 June, the Pact on Migration and Asylum entered into application, overhauling the EU's migration and asylum system. This comprehensive package of 10 legislative acts sets out common procedures for screening and registering irregular arrivals at EU borders, with swifter asylum and return procedures, clear rules on the responsibility for asylum applications and a solidarity mechanism to support EU countries facing migratory pressure.;MIG;A- Completely reliable;1- Credible/Confirmed;"Commissione Europea- DG Migrazione e Affari Interni. Fonte primaria istituzionale per norme, procedure e statistiche relative alla politica migratoria UE. Rating A/1: autorit‡† regolatoria diretta in materia; i testi pubblicati sono atti ufficiali o sintesi di atti (Patto su Migrazione e Asilo, Regolamento Ritorni). Possibile enfasi sugli aspetti positivi delle nuove norme rispetto alle critiche di ONG e societ‡† civile.";[MIG] All irregular arrivals are subject to mandatory registration, identity checks, security, health and vulnerability assessments, strengthening the Schengen area.;"[MIG] The new screening procedures close a gap in the existing Schengen border regime by requiring all EU Member States to apply uniform rules for monitoring and registering irregular migrants and asylum seekers entering the EU. Screening must be completed in a limited timeframe: 7 days for external border checks; 3 days for those apprehended within the territory.";Contenimento dei flussi migratori e riforme UE;S - Social
11/06/2026;BBC Monitoring;inglese;https://monitoring.bbc.co.uk/product/b000628k;Briefing: Libya's rival authorities pursue tough measures against migration;Libya's eastern and western governments announced separately on 10 June that they would accelerate efforts to combat irregular migration.  In recent days, the issue of migration has consistently featured among the top stories in pro-eastern and pro-western media, with most outlets adopting an anti-migrant tone.;MIG;B- Usually reliable;2- Probably true;Monitor media professionale. Aggregatore secondario affidabile ma soggetto a selezione editoriale. Non fonte primaria.;;;Contenimento dei flussi migratori e riforme UE;S - Social
08/06/2026;BBC Monitoring;inglese;https://monitoring.bbc.co.uk/product/b00061lp;Briefing: UN Libya 'Structured Dialogue' recommendations face domestic backlash;" The UN support mission in Libya announced the ""final recommendations"" from a comprehensive series of negotiations called the ""Structured Dialogue"" on 7 March, prompting significant media and political backlash in the North African country. Over the course of more than six months, the UN said over 120 participants in Libya had worked on four ""tracks"" aimed at unifying the country's fractured institutions.";DIP;B- Usually reliable;2- Probably true;Monitor media professionale. Aggregatore secondario affidabile ma soggetto a selezione editoriale. Non fonte primaria.;[POL] Libyan media and figures have increasingly criticised UN-led efforts in recent months, concurrently;;Evoluzione del contesto dip;P - Political
04/06/2026;The Economist;inglese;https://www.economist.com/europe/2026/06/04/europe-has-reduced-illegal-immigration-without-goon-tactics;Europe has reduced illegal immigration without goon tactics;Irregular migration into the EU has markedly declined. Illegal crossings spotted by Frontex are down by more than half over the past couple of years. Demands for asylum in EU countries have also fallen sharply.;MIG;A- Completely reliable;1- Credible/Confirmed;"The Economist- settimanale britannico di analisi geopolitica ed economica. Fondato nel 1843, standard editoriali eccellenti con redazione globale specializzata. Rating A/1: fonte primaria di analisi per eventi verificati; le valutazioni e previsioni riflettono un orientamento liberale-atlantista che va tenuto in considerazione per le analisi di policy. Cross-verifica raccomandata per affermazioni quantitative specifiche.";[LEG] More likely, because of a slew of new measures in recent years, irregular migration into the EU has markedly declined of late.;[MIG] Things will get tougher yet for putative migrants. Beginning later this month, anyone who arrives irregularly in the EU with little chance of being granted refugee protection will be housed in detention camps at the border while their claim is assessed.;Contenimento dei flussi migratori e riforme UE;S - Social
03/06/2026;BBC Monitoring;inglese;https://monitoring.bbc.co.uk/product/b00060mo;Briefing: Libyan media spotlight fresh anti-migrant raids, protests;"News outlets reported a ""largescale"" security campaign targeting irregular migrants in the east as well as the repatriation of dozens of migrants. Residents in a western town protested against an alleged ""migrant settlement"" plot, while a former diplomat called for the closure of the UN refugee agency's office in Libya. Over 800 people from various nationalities were arrested and transferred to the anti-migration authority in Derna pending their repatriation, according to the pro-LNA outlet. Speaking about recent migrant repatriations, an LNA official told the broadcaster that 415 migrants had been deported from Barak al-Shatt airbase to Niger, more than 811 had been sent to Egypt via the Umm Saad border crossing, and a group of 158 Nigerian nationals had been repatriated by air.";MIG;B- Usually reliable;2- Probably true;Monitor media professionale. Aggregatore secondario affidabile ma soggetto a selezione editoriale. Non fonte primaria.;[POL] Irregular migration remained a central focus of Libyan media coverage on 2 and 3 June;;Contenimento dei flussi migratori e riforme UE;S - Social
02/06/2026;BBC Monitoring;inglese;https://monitoring.bbc.co.uk/product/b00060fz;Briefing: Libya migration debate intensifies amid UN warning on misinformation;"The UN in Libya warned on 1 June that misinformation and inciting speech on social media could fuel ""tensions, mistrust, discrimination and violence"". The warning came amid rising public and political mobilisation against alleged plans to settle migrants in Libya, including calls for protests outside the UNHCR's Tripoli office. Libya's east-based House of Representatives, western government ministries and local actors all reiterated opposition to migrant resettlement while calling for tighter management of irregular migration.";MIG;B- Usually reliable;2- Probably true;Monitor media professionale. Aggregatore secondario affidabile ma soggetto a selezione editoriale. Non fonte primaria.;;;Contenimento dei flussi migratori e riforme UE;S - Social
02/06/2026;Infomigrants;inglese;https://www.infomigrants.net/en/post/70346/eu-migrant-return-hubs--explained;EU migrant 'return hubs'- explained;On March 9, 2026, the Committee on Civil Liberties, Justice and Home Affairs (LIBE) in the EU Parliament approved amendments to a proposal by the European Commission to overhaul EU return procedures. This return regulation, first proposed by the Commission in March 2025, would streamline the return process of rejected asylum seekers across the EU. While the details of how these proposed return hubs would function remain unclear, the proposal establishes the following criteria: (1) EU states can only establish hubs in non-EU countries meeting international human rights standards, including non-refoulement (prohibiting returns to persecution). (2) EU states would need to sign a bilateral agreement with the host country. These must detail transfer procedures, living conditions, and stay durations, with monitoring mechanisms to track implementation and adapt to changing circumstances in host countries. (3) The proposal initially excluded unaccompanied minors and families with children from being sent to return hubs, but the Council's December 2025 agreement overturned this for families -- now permitting their transfer to hubs alongside adults.(4) The Council approach confirms hubs serve dual roles: final destinations or transit centers for onward deportation, raising concerns about the length of detention in these facilities.;MIG;B- Usually reliable;2- Probably true;"Infomigrants- piattaforma di informazione specializzata sulla migrazione, co-gestita da DW (Deutsche Welle), France M‡©dias Monde (RFI/France24) e Euronews, con il supporto della Commissione Europea. Standard editoriali professionali e copertura approfondita di politiche migratorie UE, diritto d'asilo e procedure di ritorno. Rating B/2: fonte di secondo livello affidabile per temi migratori; il co-finanziamento UE pu‡≤ introdurre un orientamento editoriale favorevole alle politiche comunitarie e alle istanze delle ONG, riducendo il contraddittorio con posizioni nazionaliste o critiche alla politica UE. Cross-verifica raccomandata su punti controversi con fonti indipendenti (es. ECRE, Statewatch).";"[MIG] The origins of the new regulation go back to the 2008 Return Directive (Directive 2008/115/EC), which set basic minimum standards across EU countries for handling people without legal permission to stay -- including a six-month detention limit, preference for voluntary departure, and procedures largely left to member states.. Unlike the old directive, this is a full ""regulation"" -- directly applying across the EU without national tweaks, allowing for new approaches by member states to enable returns to non-EU countries. Although it is separate, it fits into the logic of the broader EU Migration Pact, which will take full effect in June 2026, with the goal of creating a ""common European system"" for returns. Return hubs are physical centers in non-EU countries where people with rejected asylum claims would be sent to await deportation. The goal is to speed up deportations by processing returns in third countries rather than inside the EU -- part of a major push to raise current low return rates. Only about 20 to 30 percent of roughly 700,000 annual return orders are currently enforced. They operate via bilateral agreements between EU states and host governments, with no overarching EU-wide binding framework -- just promises of compliance with basics like non-refoulement. Italy's deal with Albania to build and run centers in Sh‡´ngjin and Gjader -- 670 million euros over five years to process 36,000 people annually -- serves as the main blueprint.";"[MIG] If approved by a majority of the European Parliament, the new law would also see the introduction of so-called ""return hubs"" -- facilities planned outside the European Union where countries aim to send people who have been ordered to leave after their asylum claims are rejected.";Contenimento dei flussi migratori e riforme UE;S - Social
01/06/2026;European Commission;inglese;https://ec.europa.eu/commission/presscorner/detail/en/ip_26_1222;Commission welcomes political agreement on the Return Regulation;"The Commission welcomes today's political agreement between the European Parliament and the Council on the Regulation establishing a new Common European System for Returns. The new rules on returns are a key deliverable under this Commission's political guidelines and the European Asylum and Migration Management Strategy. The Return Regulation will give Member States the tools necessary to make returns more efficient, with swifter, simpler and more effective procedures across the European Union. Includes: European Return Order; mutual recognition of return decisions; stronger rules on forced return; possibility to set up return hubs in third countries.";MIG;A- Completely reliable;1- Credible/Confirmed;"Commissione Europea- istituzione esecutiva dell'Unione Europea. I comunicati stampa (press corner) sono fonti primarie istituzionali per atti legislativi, decisioni e posizioni politiche ufficiali. Rating A/1: fonte completamente affidabile per il contenuto dei propri atti e comunicazioni; possibile ottimismo istituzionale nelle valutazioni di impatto delle politiche. Cross-verifica con Parlamento Europeo e testi legislativi ufficiali (Official Journal) raccomandata.";[LEG] The Regulation must be formally adopted by the European Parliament and the Council before it enters into force.;;Evoluzione del contesto mig;L - Legal
31/05/2026;BBC Monitoring;inglese;https://monitoring.bbc.co.uk/product/b0006001;Briefing: US presidential adviser's Libya outreach draws wide media attention;US presidential adviser, Massad Boulos, said on 30 May that he had discussed Libyan unification in separate phone calls with four leaders from the east and west of the country.;DIP;B- Usually reliable;2- Probably true;Monitor media professionale. Aggregatore secondario affidabile ma soggetto a selezione editoriale. Non fonte primaria.;"[POL] A Libyan outlet said that the US had a ""major role"" to play in unification, while a pan-Arab website noted that Boulos had expanded his contacts with Libyan leaders for the ""first time"" since July. Libyan media have been reporting on an' ""initiative"" for power-sharing in Libya, which they have attributed to Boulos";;Iniziativa diplomatica USA (Piano Boulos);P - Political
21/05/2026;BBC Monitoring;inglese;https://monitoring.bbc.co.uk/product/b0005y6y;Algeria, Egypt, Tunisia meet for talks focused on Libya political paralysis;Algeria's Foreign Minister Ahmed Attaf landed in the Egyptian capital Cairo on 20 May for talks with his counterparts on a number of regional issues, including bilateral Algerian-Egyptian ties and the political paralysis in western Libya.;DIP;B- Usually reliable;2- Probably true;Monitor media professionale. Aggregatore secondario affidabile ma soggetto a selezione editoriale. Non fonte primaria.;;;Evoluzione del contesto dip;P - Political
20/05/2026;BBC Monitoring;inglese;https://monitoring.bbc.co.uk/product/b0005w8q;Explainer Why are Libya's western authorities at odds;"Despite reunification efforts, Libya's east and west still operate under rival authorities, often backed by international actors. However, negotiations around reunification, led by the UN Mission in Libya (Unsmil), have recently gained momentum. Libyan commentators widely note that the talks coincide with Washington's ""renewed interest"" in Libya, with some accusing the US of pursuing a ""rival"" track. While the talks have been cautiously welcomed by all sides, divisions persist over what that process should ultimately entail. Libya's capital Tripoli, in the west, hosts the internationally recognised Government of National Unity (GNU), the advisory High Council of State (HCS) and the Presidential Council (PC). The PC chairman acts as the internationally recognised head of state and supreme commander of Libya's western army (a title contested by the eastern authorities). The country's legislature, the House of Representatives (HoR), is based in the eastern city of Tobruk. The HoR formed the Government of National Stability (GNS), a rival to the UN-recognised GNU. The HoR and the GNS are backed by the powerful east-based Libyan National Army (LNA) and its strongman, Khalifa Haftar. The current UN-sponsored talks are split into three tracks. Negotiations for the first track, focused on economic unification, started on 6 April. This resulted in an economic agreement and unified budget between the rival authorities. Central Bank of Libya (CBL) Governor Naji Issa said it would be ""pivotal in ending financial division and enhancing economic stability"" in the country. A Unsmil spokesperson told Libyan media that discussions would continue over governance and security cooperation the following week, before final talks over national reconciliation and human rights the week after. Libyan media have widely reported on what they see as renewed interest from the US. Political analyst Mohamed Tantoush told pro-eastern media outlets in April that the US was proposing ""parallel"" plans for unification that did not ""intersect significantly"" with the UN proposals. Libyan commentators, especially in the east, see the US plans as more military-focused and ""pragmatic"". Washington's revived interest in Libya appears to have been intensified by the energy disruption caused by the Iran war. Prior to this, in January, US company ConocoPhillips secured a 25-year contract with Libya's Waha Oil Company, after withdrawing years prior due to political instability. Libya holds 3% of the world's proven oil reserves, amounting to 48 billion barrels. Before the war, US presidential adviser Massad Boulos hailed ""the growing bilateral energy partnership"" between the two countries.";POL;B- Usually reliable;2- Probably true;Monitor media professionale. Aggregatore secondario affidabile ma soggetto a selezione editoriale. Non fonte primaria.;;;Iniziativa diplomatica USA (Piano Boulos);P - Political
13/05/2026;ADF;inglese;https://adf-magazine.com/2026/05/libyan-joint-forces-make-history-at-flintlock-26/;Libyan Joint Forces Make History at Flintlock 26;"From 14 to 30 April some 1,500 service members from more than 30 nations participated in the 21st iteration of Exercise Flintlock, which also took place with Soldiers training in a second location in C‡¥te d'Ivoire. Started in 2005, Flintlock is U.S. Africa Command's (AFRICOM) flagship special operations exercise on the continent. The focus of Exercise Flintlock was enhancing counterterrorism capabilities and improving regional security coordination. During the exercise in Sirte, Libyan forces raided a staged village, freed hostages and took out terrorists, while Libyan military doctors exchanged best practices for treating trauma casualties with U.S., British and German military health professionals. Flintlock 26 also saw the establishment of a multinational Joint Operations Center in Sirte, where regional partners exchanged information and managed assets during joint exercise operations. Saddam Haftar, deputy commander of the Libyan National Armypraised Italy for playing a significant role in choosing Sirte and planning activities there, which marked a ""historic milestone‚Äù and supported ""the continued development of a unified Libyan military.‚Äù A committee supporting Libyan joint forces efforts, known as the 3+3 Libyan Joint Military Committee, also played a key role in Flintlock, which concluded on April 30.";MIL;B- Usually reliable;2- Probably true;Africa Defense Forum- rivista specializzata sicurezza africana. Buon track record su temi militari e operativi.;[MIL] Flintlock 26 was a historic event that brought together Libyan soldiers from East and West, building tangible momentum toward stabilizing and potentially reunifying security forces in the North African country. AFRICOM Deputy Commander Lt. Gen. John Brennan was gratified to see Libya take a major step toward more cohesive and unified national military institutions.;;Esercitazione militare congiunta Flintlock 2026;M - Military
08/05/2026;International Organization for Migration (IOM);inglese;https://dtm.iom.int/reports/libya-migration-trends-libyas-borders-january-march-2026;Migration Trends at Libya's Borders (January - March 2026);"During the first quarter of 2026, movements across Libya's borders continued to decline. Migration inflows decreased by 8 per cent, while outflows fell by 17 per cent. Despite this general downward trend, the number of arrivals via the western borders with Tunisia and Algeria almost doubled compared to the period between October and December 2025; moreover, outflows across land borders increased by 56 per cent. Key findings include: (1) 84% of observed migrants originated from the neighbouring countries, including Sudan (36%), Niger (20%), Egypt (19%) and Chad (9%); (2) 10% reported being engaged in circular migration, mainly through Egypt and Niger; (3) 81% of land arrivals reported that they relied on migration facilitators, primarily for transportation to Libya.";MIG;A- Completely reliable;1- Credible/Confirmed;"IOM- Organizzazione Internazionale per le Migrazioni (agenzia ONU). Il report ‡® prodotto dal Displacement Tracking Matrix (DTM), il sistema di monitoraggio sul campo dell'IOM, standard metodologico internazionale di riferimento per i flussi migratori. Rating A/1: fonte primaria istituzionale con raccolta dati diretta ai valichi di frontiera; metodologia DTM consolidata e cross-verificabile con Frontex e Dipartimento della Pubblica Sicurezza (gi‡† presenti nel corpus). Nota: possibile sottostima nelle aree a accesso limitato (Libia meridionale, zone LNA) dove il monitoraggio diretto ‡® pi‡π difficile. Aggiornamento rispetto alla versione precedente del corpus: la fonte ‡® stata corretta da ReliefWeb (aggregatore B) a IOM/DTM (fonte primaria A), con relativo upgrade del rating da B/2 a A/1.";[SOC] This overall reduction was largely driven by seasonal factors, including lower labour demand and slower economic activity during the month of Ramadan. At the same time, heightened security measures, increased patrols along key border areas, and rising transportation costs further constrained mobility, particularly in southern Libya. The increase of the number of arrivals via the western borders with Tunisia and Algeria reflected relative security stability in western municipalities, as well as the availability of employment opportunities in construction and agriculture.;;"Stagionalit‡†; Ramadan; sicurezza confini; traffico di migranti; lavoro stagionale";S - Social
02/05/2026;FT;inglese;https://www.ft.com/content/99bc2349-5991-4d9a-8453-9246c666a24d;Libya reaps oil bonanza from Iran war price surge;On 1 May 2026 the Libya's National Oil Corporation said production in April reached 1.4mn barrels a day, of which an estimated 1.2mn were exported. This was the highest level of output since at least 2013. The company said that oil revenue had climbed to $2.9bn in April, from $1bn in February. The US-Israeli war against Iran began on February 28.;ECO;A- Completely reliable;1- Credible/Confirmed;"Financial Times- quotidiano finanziario internazionale fondato nel 1888. Tra i pi‡π autorevoli media di riferimento globale per economia, finanza e geopolitica. Rating A: standard editoriali eccellenti, redazione internazionale specializzata, policy rigorosa di verifica delle fonti. Nota sull'attendibilit‡† differenziata: A/1 per notizie fattuali verificate (es. firma accordi, dati NOC); A/2 per articoli di analisi o inchiesta basati su ""persone a conoscenza della vicenda"" non identificate- come nel caso del piano Boulos del 17/06/2026, dove le fonti restano anonime.";"[ECO] Libya is reaping a huge windfall from the conflict in Iran as oil prices surge, with its production reaching its highest level in more than a decade. With more than a fifth of the world's crude production now trapped by the closure of the Strait of Hormuz, buyers have been scouring for alternatives and Libya's high-quality oil has been much in demand. ""Demand for Libyan barrels as a replacement for lost barrels from the Mideast Gulf has increased markedly,‚Äù said Michael Carolan, editor of Crude Oil at Argus Media.";"[MIL] The bonanza risks fuelling armed factions that have divided the country. ""There is a well-established track record of embezzling state funds,‚Äù said Claudia Gazzini, senior analyst for Libya at the International Crisis Group. [ECO] Tim Eaton, senior research fellow at Chatham House, the London-based think-tank, argued the budget was still ""a positive, incremental step‚Äù. Foreign currency from the oil windfall should reduce pressure on reserves and help ease inflation, after prices of some goods shot up 40 to 50 per cent in the past six months, he said.";Aumento della produzione energetica e prezzi del greggio;E - Economic
01/05/2026;U.S. Senior Advisor for Arab and African Affairs su X;inglese;https://x.com/US_SrAdvisorAF/status/2049983515895505071;Boulos expresses satisfaction on meeting with Libyan ministers on¬†budget and commercial opportunities for US;On 1 May 2026 Boulos met Minister of Transportation al Shahoubi, Minister of Oil and Gas Abdulsadek, Minister of Economy and Trade Bushesha, and their delegation to discuss on¬†new unified budget and expanding commercial opportunities with the United States.;DIP;C- Fairly reliable;2- Probably true;Voce ufficiale USA ma su canale informale (X/Twitter). Contenuto verificabile ma privo di documentazione formale.;;[ECO] There is strong potential for U.S. companies to partner with Libya across energy, infrastructure, telecommunications, mining, and aviation sectors.;Investimenti occidentali;E - Economic
01/05/2026;BBC Monitoring;inglese;https://monitoring.bbc.co.uk/product/b0005thr;Explainer: What is next for Russia's influence in Libya?;On 15 April, US Africa Command (Africom) kicked off its annual joint military exercise Flintlock 2026 in the coastal Libyan city of Sirte. The exercises united troops from across Libya's warring parties for the first time. This came not long after Ukraine was said to have acquired access to three military bases in the country through a deal with the Tripoli-based Government of National Unity (GNU).;MIL;B- Usually reliable;2- Probably true;Monitor media professionale. Aggregatore secondario affidabile ma soggetto a selezione editoriale. Non fonte primaria.;[MIL] The US appears to be engaging more actively with Libya, and with a degree of success. Flintlock 26 exercise and the Ukranina military presence in Libya signal that Russia faces growing competition in Libya.;[MIL] Both joint military exercise Flintlock 2026 in the coastal Libyan city of Sirte and the presence of Ukrainians in three military Libyan bases are unlikely to untether Moscow's long-standing relationship with east-based Libyan National Army (LNA) commander Khalifa Haftar.;Esercitazione militare congiunta Flintlock 2026;M - Military
01/05/2026;BBC Monitoring;inglese;https://monitoring.bbc.co.uk/product/b0005tpu;Explainer: Are cracks appearing in Libya's powerful Haftar family?;"Saddam has emerged as the LNA's main interlocutor with the US. On 9 April, as the country geared up for the US-led Flintlock 2026 military exercises - which brought together the country's rival military forces for the first time - Khaled reportedly rejected Boulos's initiative and warned against ""foreign agendas"". elgacem also rejected a meeting at the US embassy in Tunis, attended by LNA representatives close to Saddam, in late March. The meeting had focused on the creation of a unified national budget, which could potentially undermine some of the contracts and financial dealings of the DFR. According to the pro-Tripoli 17 Press, Belgacem feared that Saddam could ""steal his trump card"" in the development sector.";POL;B- Usually reliable;2- Probably true;Monitor media professionale. Aggregatore secondario affidabile ma soggetto a selezione editoriale. Non fonte primaria.;[POL] Recent reports in Libyan and regional media have suggested that there is a widening rift between the sons of powerful General Khalifa Haftar, who heads the Libyan National Army (LNA).;"[POL] This ""power struggle"" could derail US and UN efforts to reunify the North African nation, which remains politically and militarily divided.";Iniziativa diplomatica USA (Piano Boulos);P - Political
28/04/2026;Reuters;inglese;https://www.reuters.com/business/energy/libya-signs-preliminary-agreement-with-chevron-assess-shale-oil-gas-resources-2026-04-28/;Libya signs preliminary agreement with Chevron to assess shale oil and gas resources;"On 28 April 2026 Libya's National Oil Corporation (NOC) signed ""a memorandum of understanding with U.S. ‚Äãenergy major ‚ÄãChevron to conduct a ‚Å†joint study ‚Äãto assess shale ‚Äãoil and gas reserves in number of the ‚Äãcountry's sedimentary ‚Äãbasins, the head of ""NOC ‚Å†said in statement.";ENE;A- Completely reliable;1- Credible/Confirmed;Agenzia di stampa internazionale di riferimento. Cross-verifica sistematica e redazione globale.;;;Ritorno delle major energetiche occidentali;E - Economic
28/04/2026;National Oil Corporation;inglese;https://noc.ly/en/chevron-and-noc-sign-deal-to-evaluate-shale-oil-and-gas-resources/;Chevron and NOC Sign Deal to Evaluate Shale Oil and Gas Resources;The National Oil Corporation (NOC) signed a memorandum of understanding (MoU) with Chevron to conduct a joint study assessing the potential of unconventional shale oil and gas resources in three sedimentary basins across Libya: Sirte, Murzuq, and Ghadames.;ENE;A- Completely reliable;1- Credible/Confirmed;"NOC Libia- ente statale responsabile del settore petrolifero. Fonte primaria per dati di produzione; possibile ottimismo sui volumi in contesti politicamente sensibili.";[ENE] Estimates suggest the gas reserves could be around 123 trillion cubic feet, alongside oil reserves of about 18 billion barrels.;[ECO] If confirmed, this points to strong potential to strengthen Libya's national reserves and further boost its role in global energy markets. NOC Chairman Engineer Masoud Suleman said the MoU is an important step that could open the door to similar agreements in the future. He added that, through a clear strategy, NOC aims to strengthen Libya's oil and gas reserves alongside its ongoing exploration efforts, efforts that have already delivered notable results.;Ritorno delle major energetiche occidentali;E - Economic
24/04/2026;BBC Monitoring;inglese;https://monitoring.bbc.co.uk/product/b0005t0u;Briefing: Libyan media silent over reports of Russian military 'withdrawal';An Italian media report of Agenzia Nova on 22 April suggesting that Russian forces were relocated from a base in northern Libya to the south of the country drew only a very muted response from Libyan media. The reported development took place while a delegation from the Tripoli-based Government of National Unity was in Russia for high-level talks, including with Foreign Minister Sergei Lavrov. The movement of forces came soon after the conclusion of large-scale US-led military exercises bringing together rival Libyan military groups for the first time, not far from where the Russian forces are said to have been stationed.;MIL;B- Usually reliable;2- Probably true;Monitor media professionale. Aggregatore secondario affidabile ma soggetto a selezione editoriale. Non fonte primaria.;"[MIL] While the story was covered by some Arab media, including in neighbouring Tunisia, it was almost completely ignored in the domestic Libyan press. Citing ""military and security sources"", Nova added that Moscow was ""repositioning towards the south of the country"" near the area of Jufra and the Brak al-Shati air base in Fezzan, areas under the control of the east-based Libyan National Army (LNA).";;Presenza e movimenti militari russi (Africa Corps);M - Military
23/04/2026;WSJ;inglese;https://www.wsj.com/livecoverage/iran-war-us-ceasefire-2026/card/libya-is-pumping-an-extra-million-barrels-of-oil-a-day-national-oil-company-says-IWqD2adzFu5AGcapZYar;Libya Is Pumping an Extra Million Barrels of Oil a Day, National Oil Company Says;Libya pumped 1.43 million barrels a day earlier this month-the highest level in more than a decade-and anextra million barrels a day more than it pumped in March, according to Libya's National Oil Corp. The country has the largest oil reserves in Africa, but they have largely been untapped for 15 years due to warand instability following the 2011 ouster of dictator Moammar Gadhafi.;ENE;A- Completely reliable;1- Credible/Confirmed;Wall Street Journal- quotidiano di riferimento internazionale. Standard editoriali elevati.;"[ECO] The unified budget is intended to capitalize on Libyan production in the current oil-market context, said NeilQuilliam, an energy policy specialist at Chatham House, a London think tank. The move essentially legitimizes the rule of General Haftar, he added. ""In reality, the balance of power remains with the east, where Haftar has developed off-book oil sales, controlsenergy infrastructure and has now secured a formal budget for projects run by his sons. In theory, the central bank in Tripoli is supposed to receive all funds, but this has never happened and is unlikely to happen now,‚Äùhe said.";;Aumento della produzione energetica e prezzi del greggio;E - Economic
22/04/2026;Agenzia Nova;italiano;https://www.agenzianova.com/news/esclusiva-libia-russia-ritira-gli-asset-militari-dalla-costa-di-sirte-e-li-riposiziona-nel-deserto/;ESCLUSIVA- Libia: la Russia ritira gli asset militari dalla costa di Sirte e li riposiziona nel deserto;"La Russia ha avviato negli ultimi giorni il ritiro di parte dei propri asset militari dalla citt‡† di Sirte, sulla costa centrale della Libia, con un contestuale riposizionamento verso il Sud del Paese, in particolare nell'area di Jufra e nella base aerea di Brak al Shati, nel Fezzan. ‡à quanto riferiscono fonti locali e di sicurezza ad ""Agenzia Nova‚Äù. Secondo le informazioni disponibili, il movimento ‡® avvenuto a meno di una settimana dall'avvio dell'esercitazione militare ""Flintlock 2026‚Äù, guidata dal comando statunitense per l'Africa (Africom), in corso proprio a Sirte. Il ritiro ha riguardato personale, mezzi corazzati e componenti logistiche precedentemente dispiegate presso la base aerea di Qardabiya, principale installazione militare situata a sud di Sirte, segnando la fine di una presenza continuativa nella zona durata oltre cinque anni. Le fonti indicano che parte degli asset, inclusi equipaggiamenti tecnici, sistemi radar a corto raggio, antenne specializzate e mezzi di trasporto pesante, ‡® stata trasferita verso la base di Jufra, situata circa 280 chilometri a sud della citt‡† e considerata uno snodo strategico nel centro della Libia. Parallelamente, altri asset sono stati riallocati presso la base di Brak al Shati, circa 70 chilometri a nord di Sebha, nella vasta regione sud-occidentale del Fezzan. Secondo le stesse fonti, i militari coinvolti nel ridispiegamento sono riconducibili alla struttura comunemente definita ""Africa Corps‚Äù, entit‡† che ha progressivamente sostituito il precedente dispositivo del gruppo Wagner dopo la sua riorganizzazione.";MIL;B- Usually reliable;3- Possibly true;"Agenzia Nova- agenzia di stampa italiana specializzata in geopolitica, con copertura dedicata a Libia, Russia, Medio Oriente e Africa. Fondata nel 2001, ‡® generalmente affidabile e segue le vicende libiche con corrispondenti sul campo. Per la notizia del ritiro militare russo da Sirte (22 aprile 2026), la fonte cita ""fonti locali e di sicurezza"" in forma anonima: il contenuto ‡® plausibile e coerente con altri report (BBC Monitoring, Atlantic Council), ma non ‡® stato confermato dalla stampa libica locale. Rating: B/3 per questa notizia specifica (notizia in esclusiva da fonti anonime, non confermata da media libici- cfr. BBC Monitoring 24/04/2026). Rating generale della fonte: B.";"[MIL] Il movimento viene interpretato non come un mero spostamento tattico, ma come un possibile riposizionamento strategico verso l'entroterra desertico. Nel quadro pi‡π ampio, il movimento osservato tra Sirte e il Sud indica meno un disimpegno e pi‡π un adattamento operativo, volto a rafforzare profondit‡† strategica e linee logistiche nell'entroterra desertico. Mosca non si ritira dalla Libia, ma riorganizza la propria presenza consolidando la proiezione nel Sud del Paese. [MIL] Fonti locali collegano il ridispiegamento alle recenti iniziative degli Stati Uniti volte a favorire una riorganizzazione delle istituzioni di sicurezza libiche, nonch‡© alle dinamiche interne al campo orientale. Secondo queste letture, il riassetto avverrebbe mentre emergono segnali di maggiore flessibilit‡† da parte di alcuni attori dell'Est, tra cui Saddam Haftar, vice comandante dell'Esercito nazionale libico (LNA) guidato dal padre Khalifa, nei confronti delle iniziative internazionali, a fronte di posizioni pi‡π rigide espresse da altri esponenti del fronte orientale. Fonti locali descrivono in particolare una crescente divergenza all'interno della stessa famiglia Haftar. Da un lato, Saddam Haftar starebbe adottando un approccio pi‡π pragmatico, volto a costruire relazioni di interesse anche con interlocutori dell'Ovest libico, in particolare sul piano energetico. Dall'altro, il fratello Khaled Haftar, capo di Stato maggiore dell'LNA e considerato tradizionalmente pi‡π vicino a Mosca, manterrebbe una linea pi‡π rigida e apertamente critica verso le iniziative sostenute dagli Stati Uniti.  Khaled Haftar ha incontrato a Bengasi l'ambasciatore russo in Libia, Haidar Aganin, definendo l'iniziativa statunitense di coordinamento istituzionale come ""progetti illusori‚Äù. Khaled continua inoltre a esercitare un controllo diretto sulla componente aerea dell'LNA, che comprende anche velivoli da combattimento come i MiG-29, mantenendo un coordinamento operativo con la presenza russa sul terreno. La sua linea troverebbe il sostegno anche di altri membri della famiglia, tra cui Belgassem Haftar, a capo del Fondo per la ricostruzione e lo sviluppo, e Uqba Haftar, contribuendo a delineare un quadro interno articolato e non monolitico nel campo orientale. [MIL] Negli ultimi anni, questa direttrice meridionale ‡® diventata il principale baricentro della presenza russa nel Paese, attraverso una rete di installazioni che comprende, oltre a Jufra e Brak al Shati, anche la base di Al Khadim nell'Est e il sito di Matan al Sara, nel sud-est libico, in prossimit‡† del triangolo di confine con Ciad e Niger e affacciato sull'area saheliana.";;Esercitazione militare congiunta Flintlock 2026;M - Military
19/04/2026;@UNSMILibya su X;in inglese;https://x.com/UNSMILibya/status/2045873694938120412;SRSG @HannaTetteh met with the U.S. Special Advisor for Africa, Dr. Massad Boulos;On 18 April 2026, in Antalya, SRSG @HannaTetteh also met with the U.S. Special Advisor for Africa, Dr. Massad Boulos. She commended the recent signing of Annex 1 to the Unified Development Programme agreement as a positive step toward fiscal discipline and accountability in public spending. SRSG Tetteh also emphasized the necessity of building on this step to advance the roadmap across all its milestones through continuous, sustained, and cohesive coordination among international efforts to reach elections in Libya as soon as possible. Dr. Boulos expressed the support of the United States for the SRSG and UNSMIL's efforts, reiterating the commitment to enhance coordination in the upcoming period.;DIP;C- Fairly reliable;2- Probably true;Account X ufficiale della Missione ONU di Supporto in Libia (UNSMIL). Canale di comunicazione istituzionale ONU ma informale (social media). I contenuti sono comunicati ufficiali di UNSMIL ma non sostituiscono documenti formali. Rating C: fonte istituzionale di terzo livello- utile per confermare eventi diplomatici e dichiarazioni pubbliche, ma priva della validazione editoriale tipica di comunicati ufficiali. Cross-verifica con sito UNSMIL e comunicati formali raccomandata.;;;Iniziativa diplomatica USA (Piano Boulos);P - Political
18/04/2026;US DOS;inglese;https://www.state.gov/releases/office-of-the-spokesperson/2026/04/joint-statement-on-libya-unified-budget-agreement/;Joint Statement on Libya Unified Budget Agreement;On 18 April 2026 a press release on the US DOS website says that Egypt, France, Germany, Italy, Qatar, Saudi Arabia, Turkey, the United Arab Emirates, the United Kingdom, and the United States of America welcome the signing on April 11 of a unified 2026 budget for Libya. The countries expressed support for the United Nations Support Mission in Libya (UNSMIL) and the roadmap developed by UN Special Representative of the Secretary-General Hanna Tetteh and urge all stakeholders to use this roadmap and UNSMIL facilitation to advance a Libyan-led political process leading to unified governance and national elections.;DIP;A- Completely reliable;1- Credible/Confirmed;Dipartimento di Stato USA- fonte governativa primaria. Dichiarazioni ufficiali di policy estera.;;[ECO] Full implementation of the unified budget will help advance Libya's financial stability, defend the value of the dinar and the Libyan people's purchasing power, enable the implementation of development projects and international investment across Libya, and strengthen Libya's vital technocratic institutions, including the Central Bank of Libya, National Oil Corporation, and Libyan Audit Bureau. Increased economic integration will complement and strengthen the political process.;Supporto diplomatico USA all'unificazione;P - Political
15/04/2026;U.S. Senior Advisor for Arab and African Affairs su X;inglese;https://x.com/US_SrAdvisorAF/status/2044407930355679642;Boulos confirmed starting of Flintlock exercise on 14 April involving Libyan forces from east and west training alongside U.S., Italian, and other multinational forces. He also congratulates Libyan¬†National¬†Army¬†Deputy Commander Saddam Haftar and Deputy Defense Minister Abdulsalam Zubi for their leadership in the exercise.;;MIL;C- Fairly reliable;2- Probably true;Voce ufficiale USA ma su canale informale (X/Twitter). Contenuto verificabile ma privo di documentazione formale.;[MIL] Flintlock 26 exercise is a hopeful sign for military integration, Libyan national unity, and a bigger role for Libya in regional security and counterterrorism;;Supporto militare USA all'unificazione;M - Military
15/04/2026;US DOW;inglese;https://www.war.gov/News/News-Stories/Article/Article/4460643/africom-commences-exercise-flintlock-2026-in-africa/;Africom Commences Exercise Flintlock 2026 in Africa;U.S. Africa Command hosted dual opening ceremonies in Libya and C‡¥te d'Ivoire yesterday, officially beginning Exercise Flintlock 2026 - its annual combined special operations exercise, cohosted with the Italian special forces in Sirte, Libya.;MIL;A- Completely reliable;1- Credible/Confirmed;Dipartimento della Difesa USA / AFRICOM- fonte governativa primaria. Comunicati operativi ufficiali.;[MIL] the training location in Sirte, Libya, focuses on enhancing counterterrorism capabilities and running a multinational joint operations center to improve regional security coordination.  ;;Esercitazione militare congiunta Flintlock 2026;M - Military
15/04/2026;WSJ;inglese;https://www.wsj.com/world/africa/how-the-u-s-is-uniting-libyan-rivals-to-squeeze-out-russia-16634ee3;How the U.S. Is Uniting Libyan Rivals to Squeeze Out Russia;On 14 April 2026, in Sirte, Ghardabiya airport, two rival Libyan factions started their first-ever joint military exercises coaxed by the U.S. Africa Command. American special forces, wearing both U.S. and Libyan patches, assisted in a mock hostage rescue involving 50 Libyan fighters. The U.S. has brought other partners into the picture, too. The German military provided medical care and Turkish forces offered support with drones. Representatives from Italy, the U.K., Egypt, France, and Chad.;MIL;A- Completely reliable;1- Credible/Confirmed;Wall Street Journal- quotidiano di riferimento internazionale. Standard editoriali elevati.;[MIL] U.S. Is trying to unite Libyan Rival factions to Squeeze Out Russia, says Western official interviewed by WSJ ;[MIL] The U.S.-brokered unified drills could unlock U.N. arms embargo exemptions and help sideline Russia in Africa. The drills are expected to open the door for Libya to get access to more training and equipment from the U.S. and its allies, ultimately allowing it to stop relying on Russia and Belarus for equipment and mercenaries. A reunified Libya might feel emboldened to cut off an air bridge Russia uses to transfer personnel and arms to its African allies, Western officials said. [ECO] Peace could unlock oil and mineral wealth, as well as expanding American influence. A more stable environment might make it easier to develop Libya's vast resources of rare earths and other critical minerals, which include uranium and potentially lithium and cobalt ;Presenza e movimenti militari russi (Africa Corps);T - Technological
14/04/2026;United Nationas Security Council;inglese;https://docs.un.org/en/S/RES/2819(2026);Resolution 2819 (2026) Adopted by the Security Council at its 10134th meeting, on 14 April 2026;"Acting under Chapter VII of the Charter of the United Nations: (...) 1. Expresses grave concern over continued violations of the arms embargo, notes the Panel of Experts reported that the arms embargo remains ineffective where Member States control the logistics flow and supply chains to armed actors in Libya, demands full compliance by all Member States with the arms embargo, calls on all Member States not to intervene in the conflict or take measures that exacerbate the conflict and reiterates that individuals and entities determined by the Committee to have violated the provisions of resolution 1970 (2011), including the arms embargo, or assisted others in doing so, are subject to designation; (...) 4. Calls on all parties to take further steps to implement the 23 October 2020 ceasefire agreement in full and urges Member States to respect and support the full implementation of the agreement, including through the withdrawal of all foreign forces, foreign fighters and mercenaries from Libya without further delay; (...)";MIL;A- Completely reliable;2- Probably true;"Consiglio di Sicurezza ONU- organo principale delle Nazioni Unite [NOTA: errore tipografico nel dataset, la fonte ‡® ""United Nations Security Council""]. Le risoluzioni adottate sono atti ufficiali vincolanti di diritto internazionale. Rating A/2: la fonte ‡® completamente affidabile come istituzione; il contenuto della Risoluzione 2819 (2026) riflette consenso negoziato tra i 15 membri del Consiglio, inclusi i P5, il che pu‡≤ introdurre compromessi linguistici e omissioni rispetto alla realt‡† sul campo.";[MIL] Arms embargo remains ineffective where Member States control the logistics flow and supply chains to armed actors in Libya. Foreign forces, foreign fighters and mercenaries are present and active in Libya.;;Evoluzione del contesto mil;L - Legal
12/04/2026;U.S. Senior Advisor for Arab and African Affairs su X;inglese;https://x.com/US_SrAdvisorAF/status/2043341125981790669;Boulos called PM Dabaiba to congratulate Libya for first unified national budget;On 12 April 2026 Boulos called PM Abdulhamid Dabaiba to congratulated Libya for the approval of the first unified national budget;DIP;C- Fairly reliable;2- Probably true;Voce ufficiale USA ma su canale informale (X/Twitter). Contenuto verificabile ma privo di documentazione formale.;[MIL] Boulos said that AFRICOM's upcoming Flintlock 26 exercise will be a critical opportunity to promote east-west military unification, help build capacity and professionalize Libyan officers throughout the country, and strengthen U.S.-Libya military cooperation.;;Supporto diplomatico USA all'unificazione;P - Political
11/04/2026;Reuters;inglese;https://www.reuters.com/world/africa/libya-signs-first-unified-state-budget-over-decade-2026-04-11/;Libya signs first unified state budget in more than a decade;On 11 April 2026  Libya's two rival legislative bodies (the HSC in the West and the HoR in th East) have approved the country's first unified state budget in more than a decade worth 190 billion Libyan dinars ($29.95 billion).;ECO;A- Completely reliable;1- Credible/Confirmed;Agenzia di stampa internazionale di riferimento. Cross-verifica sistematica e redazione globale.;;;Supporto militare USA all'unificazione;M - Military
11/04/2026;U.S. Senior Advisor for Arab and African Affairs su X;inglese;https://x.com/US_SrAdvisorAF/status/2042931616084037823;Boulos congratulates Libya for approving the unified budget;Boulos said on X that the approval of the first unified budget after more than 13 years arrived after months of U.S. facilitation as part of a broader roadmap toward peace and national unification.;DIP;C- Fairly reliable;2- Probably true;Voce ufficiale USA ma su canale informale (X/Twitter). Contenuto verificabile ma privo di documentazione formale.;;[ECO] This new budget will also support development projects nationwide and ensure financing for the national oil corporation so that it can increase energy production, revenues, and prosperity for the Libyan people and their international partners.;Supporto diplomatico USA all'unificazione;P - Political
08/04/2026;U.S. Senior Advisor for Arab and African Affairs su X;inglese;https://x.com/US_SrAdvisorAF/status/2041914463088263440;Call between Boulos and Saddam Khalifa Haftar on Libyan unified budget and Fintlock 26 exercise;"On 7 April 2026 Boulos had a ""productive"" call with General Saddam Khalifa Haftar, Deputy Commander of the Libyan National Army. They discussed Libya's continued progress toward a unified national budget and its important role as host of a spoke of AFRICOM's upcoming Flintlock 26 exercise. They exchanged views on opportunities to advance regional stability, enhance security coordination, and support long-term peace and prosperity across Libya and the broader region.";DIP;C- Fairly reliable;2- Probably true;Voce ufficiale USA ma su canale informale (X/Twitter). Contenuto verificabile ma privo di documentazione formale.;[ECO] The unified budget is a meaningful steps that can help strengthen economic integration, national unity, and institutional cooperation. [MIL] The Flintlock 26 exercise is meaningful steps that can help strengthen military integration, national unity, and institutional cooperation. ;;Supporto diplomatico USA all'unificazione;P - Political
07/04/2026;AP;inglese;https://apnews.com/article/libya-ukraine-russia-tanker-drones-4b9ec378ea1bf064d13cfe4ea026d2d4;Ukrainian forces operating in Libya have attacked a Russian tanker, officials say;On 7 April 2026 two Libyan officials said to AP that Ukrainian forces are operating in western Libya under a covert deal endorsed by the West, and they used the Northern African country's territory to strike a Russian tanker in the Mediterranean last mont (the Russian-flagged Arctic Metagaz, carrying 61,000 tons of liquefied natural gas). The Ukrainian forces, most of them drone experts, operate mainly at an air base in the coastal city of Misrata, but also in other military facilities in the capital Tripoli and the coastal town of Zawiya, the officials told The Associated Press. They spoke on condition of anonymity to discuss confidential matters.;MIL;A- Completely reliable;1- Credible/Confirmed;Associated Press- agenzia di stampa globale. Standard editoriali elevati e alta verificabilit‡†.;"[MIL] Jalel Harchaoui, a Libya analyst with the Royal United Services Institute, suggested that the presence of Ukrainian forces in western Libya is part of NATO's yearslong efforts to keep the area ""out of Russia's reach.‚Äù ""It is entirely plausible that, with the knowledge and blessing of NATO powers - chiefly the United States but also the United Kingdom and Turkey - several small groups of Ukrainian operatives now maintain a presence in the greater Tripoli area,‚Äù he said.";;Sicurezza marittima e internazionalizzazione dei conflitti;S - Security
06/04/2026;RFI;inglese;https://www.rfi.fr/en/international/20260406-ukrainian-forces-operating-in-western-libya-as-covert-war-grows-rfi-investigation;Ukrainian forces operating in western Libya as covert war grows;"Ukrainian military forces are operating in western Libya and were behind a recent attack on a Russian tanker in the Mediterranean, an RFI investigation published on 6 April 2026 has found. RFI's sources said the vessel was hit by an autonomous surface drone of the Magura V5 type, manufactured in Ukraine and previously used in the Black Sea. The drone was launched from the Mellitah base and struck the engine room, causing rapid flooding and disabling the ship, the sources said. RFI can confirm that Ukrainian forces carried out the attack and have an active presence in western Libya. More than 200 Ukrainian officers and military experts are deployed in Libya, according to two Libyan sources who spoke on condition of anonymity. They have the agreement of the Tripoli-based government led by Abdelhamid Dbeibah, which is recognised by the United Nations. The personnel are based at three sites. One is the air force academy in Misrata- a large facility that also hosts Turkish and Italian forces and the United States Africa Command. A British intelligence centre is also located there. A second base is in Zawiya, about 50 kilometres north of Tripoli, near the Mellitah oil and gas complex. It is equipped to launch aerial and naval drones. Ukrainian personnel also occupy a coastal site granted by the Tripoli authorities. Construction work in October and November last year strengthened defences and installed runways and antenna systems. A third location is used for coordination meetings between Ukrainian personnel and Libyan forces at the headquarters of the 111th Brigade on the road to Tripoli airport. The deployment follows an agreement signed in October between Tripoli and a Ukrainian military adviser, at the request of Ukraine's military attach‡© in Algiers, General Andriy Bayouk, RFI's sources said. In return, Libyan forces receive training, including in the use of drones. The agreement also provides for future arms sales and Ukrainian investment in Libya's oil sector. RFI's sources said the vessel was hit by an autonomous surface drone of the Magura V5 type, manufactured in Ukraine and previously used in the Black Sea. The drone was launched from the Mellitah base and struck the engine room, causing rapid flooding and disabling the ship, the sources said. The 4 March attack was not the first such incident. On 19 December 2025, a source within Ukraine's security services said it had struck a Russian ""shadow fleet‚Äù oil tanker in ""neutral waters‚Äù in the Mediterranean. The tanker Qendil was sailing between Greece and Libya, about 250 kilometres off the Libyan coast, when it was hit. According to RFI's information, the drone used was launched from Misrata, although the Ukrainian statement gave no details of the launch point or country of origin.";MIL;B- Usually reliable;2- Probably true;Radio France Internationale- media pubblico francese. Copertura Africa estesa, generalmente affidabile.;[MIL] Some political figures said the situation amounts to a proxy war between Moscow and Kyiv, extending to Libyan territory and waters.;;Evoluzione del contesto mil;T - Technological
06/04/2026;BBC Monitoring;inglese;https://monitoring.bbc.co.uk/product/b0005pnj;Sudan and Libya agree on intelligence-sharing and cooperation;Sudan Tribune website reported that a Sudanese military delegation on 5 April held talks with Libya's army chief during which the two sides agreed to strengthen intelligence-sharing and security coordination, privately-owned news website Sudan Tribune reported on the same day. The website cited the General Staff of the internationally-recognised government in Tripoli as saying that army chief Lt Gen Salahuddin al-Namroush received the director of Sudanese Military Intelligence, Lt Gen Mohamed Ali Sabir, to discuss cooperation.;MIL;B- Usually reliable;2- Probably true;Monitor media professionale. Aggregatore secondario affidabile ma soggetto a selezione editoriale. Non fonte primaria.;[MIL] Sudanese military authorities maintain close relations with the Tripoli-based government, which controls much of western and southern Libya. They have accused eastern-based commander Gen Khalifa Haftar of fuelling Sudan's conflict by facilitating the transit of weapons from the United Arab Emirates to the paramilitary group Rapid Support Forces.;;Evoluzione del contesto mil;M - Military
03/04/2026;U.S. Senior Advisor for Arab and African Affairs su X;inglese;https://x.com/US_SrAdvisorAF/status/2039830053668667523;Call between Massad Boulos and Bilgassem Haftar on unified Libyan budget;"On 2 April 2026 Boulos had a ""productive"" call with Bilgassem Haftar, Director General of the Libya Development and Reconstruction Fund, joined by LEO Charg‡© d'Affaires Jeremy Berndt. Boulos and Berndt emphasized the importance of finalizing a unified budget for 2026 to bolster Libya's financial stability.";DIP;C- Fairly reliable;2- Probably true;Voce ufficiale USA ma su canale informale (X/Twitter). Contenuto verificabile ma privo di documentazione formale.;[ECO] Boulos call Bilgassim Hafatr to support unified Libyan budget;;Supporto diplomatico USA all'unificazione;P - Political
30/03/2026;BBC Monitoring;inglese;https://monitoring.bbc.co.uk/product/b0005odj;Briefing: Egypt secures Libya oil amid disrupted Gulf shipments;Egypt started talks with Libya to secure its crude oil needs amid disruptions hitting global energy markets and the Gulf due the US-Israeli war with Iran, media reports said on 30 March. Libya will reportedly send two cargoes totaling 1.2 million barrels each month to Egypt.;ENE;B- Usually reliable;2- Probably true;Monitor media professionale. Aggregatore secondario affidabile ma soggetto a selezione editoriale. Non fonte primaria.;;;Aumento della produzione energetica e prezzi del greggio;E - Economic
27/03/2026;BBC Monitoring;inglese;https://monitoring.bbc.co.uk/product/b0005o1y;Explainer: How China is diversifying imports in talks with energy-rich countries;China has been seeking to diversify its energy imports amid the uncertain prospect of the US-Israel war with Iran and the continued blockade of the Strait of Hormuz. According to estimates, China imported 80% to 90% of Iran's total exported oil before the war, accounting for about 13% to 15% of its total crude imports. Almost 40% of its crude imports passed through Hormuz. The disruption in oil transportation through Hormuz has undoubtedly impacted China's energy lifelines, although its oil reserves will reportedly sustain the country's consumption for about six months. China's Middle East special envoy Zhai Jun, who has just concluded his tour of the Gulf which focused on the Iran war, met Abdulmajeed Majligata, special envoy of Libya's Tripoli-based Government of National Unity, in Beijing on 25 March. Although the Chinese Ministry of Foreign Affairs offered just a one-line readout on the meeting, Majligata's meeting with Vice-Foreign Minister Miao Deyu on 23 March discussed deepening bilateral cooperation in the energy sector among other things. Libya's English-language news outlet The Libya Observer gave more details on the Libyan delegation's visit, reporting that the two sides agreed to set up a joint committee to boost ties, and cited the Chinese side as pledging to resume operations by Chinese public and private companies and emphasising their potential role in infrastructure projects and national reconstruction of Libya. Chinese media previously highlighted that China had undertaken 50 large-scale projects in Libya, who owns the largest oil reserves in Africa, before the civil war in 2011, involving contracts worth a total of $18.8bn. CNPC was forced to suspend its drilling activities, evacuate nearly 400 employees and seal its equipment. State news agency Xinhua in February reported the recent rebound of Libya's oil production to the 2015 level, with other media also highlighting its first oil and gas licensing round in 18 years, which sparked fierce competition among international oil giants including Chinese firms.;ENE;B- Usually reliable;2- Probably true;Monitor media professionale. Aggregatore secondario affidabile ma soggetto a selezione editoriale. Non fonte primaria.;;;Evoluzione del contesto ene;E - Economic
20/03/2026;Africa Intelligence;inglese;https://www.africaintelligence.com/north-africa/2026/03/20/dbeibeh-sacks-washington-lobbying-firm,110684218-art;Dbeibeh sacks Washington lobbying firm;The US lobbying firm Mercury Public Affairs was dismissed at the end of last year. The consultant's main task was to promote the position of Dabaiba in Washington while negotiations were underway for an agreement with the rival eastern forces. ;DIP;B- Usually reliable;2- Probably true;Newsletter specializzata su intelligence africana. Buona reputazione analitica;[POL] The task of mediating between the two sides now falls directly to the United States, and in particular to Trump's Africa adviser, Massad Boulos, to the detriment of the United Nations Support Mission in Libya (UNSMIL), led by the Ghanaian diplomat Hanna Tetteh.;;Supporto diplomatico USA all'unificazione;P - Political
13/03/2026;Africa Intelligence;inglese;https://www.africaintelligence.com/north-africa/2026/03/13/massad-boulos-plans-for-joint-haftar-dbeibeh-government-without-elections,110679090-art;Massad Boulos plans for joint Haftar-Dbeibeh government without elections;On 18 February 2026 the US revealed his new approach to Libya at the last meeting of the United Nations Security Council.;DIP;B- Usually reliable;2- Probably true;Newsletter specializzata su intelligence africana. Buona reputazione analitica;[DIP] The secret plan for Libya devised by Massad Boulos, US President Donald Trump's Africa adviser, is to endorse the creation of a new government made up of the two main factions in power in western and eastern Libya. The factions have been negotiating for months under the supervision of Boulos to agree on the distribution of key positions. Such a plan would allow both sides to remain in place without the prospect of an election. This parallel approach taken by Boulos goes against the plan of the head of the United Nations Support Mission in Libya (UNSMIL), Ghanaian Hanna Tetteh. ;[DIP] UNSIMIL plan for Libyan reunification is an impossibile task.;Supporto diplomatico USA all'unificazione;P - Political
10/03/2026;Africa Intelligence;inglese;https://www.africaintelligence.com/north-africa/2026/03/10/control-of-south-libya-strains-relations-between-haftar-and-tchiani,110676688-eve;Control of south Libya strains relations between Haftar and Tchiani;"There is renewed activity by armed groups on Libya's southern borders with Chad and Niger, a hub for illict trafficking. In the Niger-Libya are present Nigerien armed group hostile to Niger's regime, such as: netowrks loyal to former president Mohamed Bazoum, such as the Front Patriotique de Lib‡©ration (FLP) led by Mahamoud Sallah, who was arrested a year ago by the LNA; militias such as the Mouvement Patriotique pour la Libert‡© et la Justice, whose members include FLP dissidents. The latter operate in northern Niger but also in the Zinder region in the south, and forge alliances with Toubou and Fulani armed groups travelling back and forth to northern Nigeria. The south is also a refuge for members of local and foreign armed groups such as the Front pour l'Alternance et la Concorde au Tchad (Fact) and the Conseil de Commandement Militaire pour le Salut de la R‡©publique, which are hostile to the regime of Chad leader Mahamat Idriss D‡©by. The Salvador Pass is the stronghold of a Libyan Toubou warlord opposed to Haftar, Mohamed Wardougou, whose R‡©volutionnaires du Sud disrupt the LNA's lucrative trafficking routes, particularly for hydrocarbons, and border crossings. Wardougou, who hails from Fezzan, was once allied with Haftar. Now he has placed himself at the service of the GNU. But Wardougou is a divisive figure among the Toubou, some of whom remain loyal to the LNA. He is suspected by the Haftars of receiving support from Tripoli via Deputy Defence Minister Abdul Salam Zubi. The LNA controls the Sarra triangle on the borders between Libya, Sudan and Egypt thanks to the powerful Salafist militia Subul Al Salam, which was officially integrated as a brigade into the LNA in mid-February. This force, commanded by Abdelrahman Al-Zawi, who belongs to the Arab Zwei tribe allows convoys of fuel and military equipment to pass through to one of the belligerents in the Sudanese civil war, the Rapid Support Forces (RSF), which, like the LNA, enjoys the support of the United Arab Emirates against the Sudanese Armed Forces, the regular army. But Egypt is not happy with this route being used to transport military equipment for the RSF.";MIL;B- Usually reliable;2- Probably true;"Newsletter specializzata su intelligence africana. Buona reputazione analitica; verificabilit‡† limitata per accesso a pagamento.";[MIL] Disputes between Haftar's clan and the Niger junta are piling up. The rivalry between Benghazi and Tripoli is meanwhile intensifying around the strategic Salvador Pass border zone. There is renewed activity by armed groups on Libya's southern borders with Chad and Niger, a hub for illict trafficking. Nigerien junta is attempting to strike a balance bewteen Tripoli and Benghazi in order to neutralise networks loyal to former president Mohamed Bazoum, such as the Front Patriotique de Lib‡©ration (FLP) led by Mahamoud Sallah, who was arrested a year ago by the LNA. Niger wants to defend the pipeline linking the Agadem oil fields in Niger to the Beninese port of S‡®m‡®. The pipeline, which is vital to the Nigerien junta, is targeted by militias hostile to the regime, such as the Mouvement Patriotique pour la Libert‡© et la Justice, whose members include FLP dissidents. The latter operate in northern Niger but also in the Zinder region in the south, and forge alliances with Toubou and Fulani armed groups travelling back and forth to northern Nigeria. The south is also a refuge for members of local and foreign armed groups such as the Front pour l'Alternance et la Concorde au Tchad (Fact) and the Conseil de Commandement Militaire pour le Salut de la R‡©publique, which are hostile to the regime of Chad leader Mahamat Idriss D‡©by. The Salvador Pass is the stronghold of a Libyan Toubou warlord opposed to Haftar, Mohamed Wardougou, whose R‡©volutionnaires du Sud disrupt the LNA's lucrative trafficking routes, particularly for hydrocarbons, and border crossings. Wardougou, who hails from Fezzan, was once allied with Haftar. Now he has placed himself at the service of the GNU. But Wardougou is a divisive figure among the Toubou, some of whom remain loyal to the LNA. He is suspected by the Haftars of receiving support from Tripoli via Deputy Defence Minister Abdul Salam Zubi. The LNA controls the Sarra triangle on the borders between Libya, Sudan and Egypt thanks to the powerful Salafist militia Subul Al Salam, which was officially integrated as a brigade into the LNA in mid-February. This force, commanded by Abdelrahman Al-Zawi, who belongs to the Arab Zwei tribe allows convoys of fuel and military equipment to pass through to one of the belligerents in the Sudanese civil war, the Rapid Support Forces (RSF), which, like the LNA, enjoys the support of the United Arab Emirates against the Sudanese Armed Forces, the regular army. But Egypt is not happy with this route being used to transport military equipment for the RSF.;;Evoluzione del contesto mil;M - Military
05/03/2026;Mixed Migration Center;inglese;https://mixedmigration.org/articles/how-bangladeshi-migration-to-italy-via-libya-operates/;How Bangladeshi migration to Italy via Libya operates;Since 2020, Bangladeshi nationals have ranked among the top three nationalities arriving in Italy via the Central Mediterranean route. In both 2024 and 2025, they were the leading nationality. In 2025 Bangladeshis accounted for around 31% of all irregular sea arrivals to Italy. Many Bangladeshi migrants interviewed for the study began their journey through legal or semi-legal labour migration channels. The research identifies six interconnected profiles. Migrants may shift between them as circumstances change. Migrants report paying between USD 10,000 and 14,000 for the journey, generating an estimated USD 160-190 million annually across the corridor.;MIG;B- Usually reliable;2- Probably true;"Mixed Migration Centre (MMC)- iniziativa di ricerca del Danish Refugee Council (DRC). Produce analisi qualitative e quantitative sui flussi migratori misti con metodologia rigorosa (interviste sul campo, triangolazione dati). Standard editoriali professionali e accademici. Rating B/2: fonte di secondo livello specializzata- affidabile per la qualit‡† metodologica della ricerca; possibile frame umanitario/advocacy che enfatizza la vulnerabilit‡† dei migranti rispetto a preoccupazioni di sicurezza o gestione dei confini. I dati economici del corridoio (USD 160-190 M annui) sono stime derivate da campioni di interviste, non dati amministrativi. Cross-verifica con Europol e Guardia di Finanza raccomandata.";[MIG] While Bangladeshi irregular arrivals to Italy have ranged between 12,000 and over 14,000 per year since 2022, these numbers remain small compared to the more than one million documented labour departures from Bangladesh each year - primarily to Gulf states and Malaysia. Bangladesh is also an important labour-sending country to Italy through formal migration channels.;[MIG] The architecture described makes the Bangladesh-Libya-Italy corridor resilient. Responses focused on a single country or segment of the route are therefore unlikely to be effective on their own.;"Reti di traffico; debito; reclutamento fraudolento; corridoio Bangladesh-Golfo-Libia-Italia";S - Social
26/02/2026;Reuters;inglese;https://www.reuters.com/business/energy/totalenergies-extends-libyas-waha-oil-concessions-2050-2026-01-26/;TotalEnergies extends Libya's Waha oil concessions to 2050;;ECO;A- Completely reliable;1- Credible/Confirmed;Agenzia di stampa internazionale di riferimento. Cross-verifica sistematica e redazione globale.;;;Ritorno delle major energetiche occidentali;E - Economic
24/02/2026;LANA (Tripoli);inglese;https://lana.gov.ly/post.php?lang=en&id=302660;Reopening the Russian Embassy in Tripoli;Tripoli, 24 February 2024 (Lana) Russia reopened its Embassy in Tripoli on Thursday. After 7 months, the accreditation of the Russian Ambassador to Libya, Aydar Aghanin, was approved by the Presidential Council.;DIP;D- Not usually reliable;4- Doubtful;Agenzia di stampa statale del GNU Tripoli. Forte rischio di propaganda e strumentalizzazione informativa.;;;Presenza e movimenti militari russi (Africa Corps);P - Political
19/02/2026;The Economist;inglese ;https://www.economist.com/middle-east-and-africa/2026/02/19/libya-has-no-good-options-for-leaders;Libya has no good options for leaders;Some 30 jihadist groups still lurk in the country's ungovernedspaces, says an American former spook.;TER;A- Completely reliable;1- Credible/Confirmed;Settimanale britannico di analisi geopolitica ed economica. Standard editoriali eccellenti.;;;Attivit‡† terroristiche;S - Social
11/02/2026;International Organization for Migration (IOM);inglese;https://dtm.iom.int/reports/migration-trends-libyas-borders-october-december-2025;Migration Trends at Libya's Borders (October - December 2025);"Following a seasonal peak in the third quarter of 2025, the fourth quarter recorded a sharp 44 per cent decline in overall inflows to Libya. This downturn is attributed to several factors. Primarily, a broader stagnation within the national labour market, driven by the conclusion of agricultural harvests and the year- end slowdown of construction projects, reduced the demand for migrant labour across multiple municipalities. This was further compounded by increased anti- smuggling law enforcement operations and seasonal weather constraints. Social media monitoring corroborated an uptick in anti- smuggling operations, while Mediterranean crossings became particularly perilous due to winter sea conditions. These conditions restricted the operations of migration facilitators and resulted in fewer crossing attempts; nevertheless, coastal field teams continued to report boat capsizing incidents during these months. Despite this general downward trend, arrivals via the South-West borders of Chad and Niger increased by 14 per cent. This surge was not a result of increased labour demand, but rather a tactical response to escalating insecurity and intensified conflict along the South-East corridor. As traditional routes became impassable or too dangerous, Sudanese nationals were increasingly likely to reroute through Chad or Niger to enter Libya, highlighting the high degree of adaptability and vulnerability inherent in current regional migration flows to Libya. Over 87 per cent of migrants originated from Libya's six neighbouring countries, with Egyptians (33%), Nigeriens (31%), and Chadians (10%) forming the largest groups. Sudanese nationals accounted for 8 per cent, Tunisians 5 per cent, and Algerians 1 per cent. Among migrants from non‚Äëneighbouring countries, the main nationalities were Nigerians (5%), Malians (4%) and Burkinabe (3%).";MIG;A- Completely reliable;1- Credible/Confirmed;IOM- Organizzazione Internazionale per le Migrazioni / DTM (Displacement Tracking Matrix). Report trimestrale Q4 2025 sui flussi migratori alle frontiere libiche. Stessa metodologia DTM del report Q1 2026 gi‡† presente nel corpus (rating A/1). Dati raccolti direttamente ai valichi di frontiera con metodologia consolidata e cross-verificabile con Frontex. Rating A/1: fonte primaria istituzionale. Nota: possibile sottostima nelle aree a accesso limitato della Libia meridionale (zone LNA). La marcata riduzione del 44% degli inflows nel Q4 2025 ‡® attribuita a fattori stagionali (fine raccolta agricola, rallentamento costruzioni) e all'intensificazione dell'attivit‡† anti-smuggling - coerente con altri dati presenti nel corpus.;[ECO] Nearly all surveyed migrants (93%) identified better employment prospects and improved living conditions as their primary motivations for migrating. This includes both individuals who were previously employed but sought higher wages or more stable income, as well as those who were unemployed in their home countries and actively searching for work opportunities abroad. Economic drivers therefore remained the dominant factor shaping mobility decisions. In addition, approximately six per cent of migrants reported leaving their countries due to conflict and insecurity. This group consisted largely of Sudanese nationals fleeing the ongoing conflict that escalated in April 2023, as well as Malian migrants displaced by violence in border regions who continued their journey northward into Libya.;;Contenimento dei flussi migratori e riforme UE;S - Social
11/02/2026;S&P Global;inglese;https://www.spglobal.com/energy/en/news-research/latest-news/crude-oil/021126-chevron-makes-long-awaited-libya-return-repsol-and-eni-also-win-blocks;Chevron makes long-awaited Libya return, Repsol and Eni also win blocks;"Libya's National Oil Corp. has awarded 6 oil and gas exploration licenses, the state oil firm confirmed Feb. 11 while announcing the results of its first post-revolution bid round, marking the US supermajor's return to Libya after a 16-year absence. In a statement, the NOC said it had awarded exploration blocks to Repsol, Hungary's MOL, a consortium of Eni and QatarEnergy, Chevron and Nigeria's Aiteo. Eni said it had won block O1, which it will operate, alongside QatarEnergy. ""The block lies in the offshore extension of the prolific Sirte Oil & Gas Province,"" the company said in a statement.  Repsol -- which operates Libya's largest field, the 300,000 b/d Sharara project -- confirmed the company had been awarded two blocks, O7 offshore and C3 onshore. It will operate both but will be joined in O7 by Turkey's TPAO and Hungary's MOL, while TPAO will be its partner in the onshore C3 license. The Chevron award follows a memorandum of understanding signed between NOC and the US company in January. Chevron told Platts, part of S&P Global Energy, at the time that the agreement was to ""evaluate opportunities in Libya."" The US supermajor quit the North African country in 2010. Its return has followed similar moves by Shell, BP, ExxonMobil and others.";ENE;A- Completely reliable;1- Credible/Confirmed;S&P Global Commodity Insights- agenzia di rating e analisi energetica. Dati di mercato rigorosi e metodologia trasparente. Standard A/1 per dati energetici e finanziari.;"[ECO] Billed as the ""most significant event in Libya's oil sector in 17 years,"" the license unveiling in Tripoli on Feb. 11 -- overseen by Prime Minister Abdul Hamid al-Dbeiba -- comes at a time of renewed interest in Libya's oil and gas sector, amid an improvement in the political and security situation.";[CO] The country has seen crude output rise in the past year. It pumped 1.25 million b/d in January, according to the latest Platts OPEC+ Survey, on its way to the NOC target of 2 million b/d by 2028.;Ritorno delle major energetiche occidentali;E - Economic
11/02/2026;Chevron;inglese;https://www.chevron.com/newsroom/2026/q1/chevron-enters-libya-with-new-block-award-as-part-of-broader-exploration-growth-strategy;Chevron enters Libya with new block award as part of broader exploration growth strategy;Chevron Corporation, by its subsidiary Chevron Business Development EMEA Ltd., has entered Libya after it was designated as a winning bidder in the 2025 Libyan Bid Round. This follows the signing of a Memorandum of Understanding (MoU) with the country's National Oil Corporation (NOC). Chevron was designated as the winning bidder for Contract Area 106 located in the Sirte Basin on February 11, 2026 in Libya's 2025 Bidding Round. On January 24, 2026 Chevron separately signed an MoU with NOC in Tripoli to evaluate the development and exploration potential onshore Libya.;ENE;A- Completely reliable;1- Credible/Confirmed;"Comunicato ufficiale corporate. Fonte primaria per operazioni e accordi firmati. Possibile bias promozionale; cross-verifica con fonti di terze parti raccomandata.";;;Ritorno delle major energetiche occidentali;E - Economic
09/02/2026;BBC Monitoring;inglese;https://monitoring.bbc.co.uk/product/b0005ehb;Turkish outlet signals 'new alliance' between Turkey, Egypt after Erdogan visit;"Turkey's staunchly pro-government Yeni Safak newspaper said on 9 February that Ankara and Cairo are forming a ""new alliance"" in the East Mediterranean, following President Recep Tayyip Erdogan's recent visit to Egypt. Yeni Safak's front-page report said Erdogan's meeting with Egyptian President Abdul Fattah al-Sisi ""paved the way for a new alliance in the East Mediterranean"", highlighting prospective military, security and intelligence cooperation. ""The military framework agreement signed after the visit opened the door to security cooperation between Turkey and Egypt on a scale not seen for a long time,"" it said. An agreement between Turkey's Machinery and Chemical Industry Corporation and Egypt's defence ministry to establish a 155mm long-range artillery ammunition factory and cartridge production facilities in Egypt is a sign of ""concrete and strategic cooperation"", it added.";MIL;B- Usually reliable;2- Probably true;Monitor media professionale. Aggregatore secondario affidabile ma soggetto a selezione editoriale. Non fonte primaria.;"[MIL] Turkey's staunchly pro-government Yeni Safak newspaper said on 9 February that Ankara and Cairo are forming a ""new alliance"" in the East Mediterranean, following President Recep Tayyip Erdogan's recent visit to Egypt. ";"[MIL] ""Rapprochement between Turkey and Egypt in the military field is also significant... for regional security balances. The two countries are expected to act in closer dialogue and coordination on critical issues such as Libya, Gaza and the East Mediterranean. Cooperation in military areas will also shape regional security policies,"" the report said. Increased military and diplomatic cooperation between the two countries has the potential to ""reinforce mutual trust and contribute to a more constructive basis for managing regional crises"", it added.";Presenza militare e influenza della Turchia;M - Military
04/02/2026;FT;inglese;https://www.ft.com/content/8b707c0e-ad69-41df-bda9-ea3b8efcac93 ;Saif al-Islam Gaddafi, son of former Libyan dictator, killed in attack;On 3 February 2026 Saif al-Islam has been killed with 19 gunshots by 4 ‚Äòunknown assailants' at his home in Zintan;POL;A- Completely reliable;1- Credible/Confirmed;"Financial Times- quotidiano finanziario internazionale fondato nel 1888. Tra i pi‡π autorevoli media di riferimento globale per economia, finanza e geopolitica. Rating A: standard editoriali eccellenti, redazione internazionale specializzata, policy rigorosa di verifica delle fonti. Nota sull'attendibilit‡† differenziata: A/1 per notizie fattuali verificate (es. firma accordi, dati NOC); A/2 per articoli di analisi o inchiesta basati su ""persone a conoscenza della vicenda"" non identificate- come nel caso del piano Boulos del 17/06/2026, dove le fonti restano anonime.";;;Assassinio di Saif al-Islam Gheddafi e stabilit‡† interna;S - Security
04/02/2026;United Nations Security Council;inglese;https://docs.un.org/en/S/RES/2734(2024);Thirty-seventh report of the Analytical Support and Sanctions Monitoring Team submitted pursuant to resolution 2734 (2024) concerning ISIL (Da'esh), Al-Qaida and associated individuals and entities;In Libya, the southern part of the country remained a permissive environment for the movement and procurement of weapons, primarily benefiting Al-Qaida, which collaborated opportunistically with organized crime networks. #AQIM was estimated to have around 50 fighters in the region. During the reporting period, the Libyan Intelligence Service dismantled at least four ISIL-Libya (QDe.165) facilitation cells engaged in financing, the smuggling of migrants and fighters, and media operations, with links to Europe, Iraq, the Syrian Arab Republic, the Sahel and East Africa. One cell moved ISIL members from Europe to Libya and onwards to the Sahel and Somalia. Another cell, dismantled in October, focused on media production and the dissemination of propaganda through TikTok and Facebook. A third, dismantled in November, supported logistics through smuggling and money-laundering while planning operations in the Sudan. The fourth, specialized in the smuggling of migrants, facilitated ISIL (Da'esh) cross-border movements under external ISIL (Da'esh) leadership orders, and helped to expand sleeper cells in Libya. #Concerns about terrorist groups exploiting human smuggling networks to infiltrate Europe persisted. In a weekly publication, Al-Naba, ISIL called upon its followers to reactivate cells in Libya and to use it as a gateway to attack Europe.;SIC;A- Completely reliable;2- Probably true;Analytical Support and Sanctions Monitoring Team - organo tecnico-giuridico del Consiglio di Sicurezza dell'ONU che produce rapporti sono peer-reviewed contennti informazioni contenute sono cross-verificate da intelligence di Stati membri. lcuni passaggi dei rapporti possono risultare attenuati in seguito a pressioni diplomatiche dei membri permanenti del CdS (in particolare Russia e Cina),;;;Evoluzione del contesto sic;S - Security
03/02/2026;BBC Monitoring;inglese;https://monitoring.bbc.co.uk/product/b0005dc1;Pakistan, Libya military hold talks to deepen defence ties;Pakistan's Chief of Defence Forces (CDF) Field Marshal Asim Munir, discussed military cooperation and regional security in his meeting with Eastern Libyan commander Khalifa Haftar in Rawalpindi, prominent daily Dawn cited the military's media wing as saying. Haftar was accompanied by Libyan Arab Armed Forces Deputy Commander-in-Chief Saddam Khalifa Haftar, it added.;MIL;B- Usually reliable;2- Probably true;Monitor media professionale. Aggregatore secondario affidabile ma soggetto a selezione editoriale. Non fonte primaria.;[MIL] Pakistan, Libya military hold talks to deepen defence ties;;Accordo militare LNA-Pakistan e influenza cinese;M - Military
27/01/2026;BBC Monitoring;inglese;https://monitoring.bbc.co.uk/product/b0005buf;Briefing: Egypt, Tunisia, Algeria call for holding elections in Libya;Foreign ministers of Egypt, Algeria and Tunisia held a meeting on 26 January to discuss the developments in Libya and ways to end the current division in the country. The three countries called for intensifying efforts to hold simultaneous presidential and parliamentary elections. They stressed that Libyan security was key to regional stability and called for a purely Libyan political settlement that does not exclude any party. The three countries also stressed the necessity of withdrawing mercenaries and foreign fighters from all parts of the country and rejected foreign interference in Libyan internal affairs.;POL;B- Usually reliable;2- Probably true;Monitor media professionale. Aggregatore secondario affidabile ma soggetto a selezione editoriale. Non fonte primaria.;;;Evoluzione del contesto pol;P - Political
27/01/2026;Journal of Petroleum and Technology (JPT);inglese;https://jpt.spe.org/libya-sees-20-billion-investment-potential-in-totalenergies-waha-extension;Libya Sees $20 Billion Investment Potential in TotalEnergies Waha Extension;On 24 January the Libyan government signed an agreement with TotalEnergies to extend the Waha concessions through the end of 2050. The agreement introduces updated fiscal terms designed to support higher investment levels and increased production from assets currently producing about 370,000 BOE/D. TotalEnergies said the deal is expected to include further development of the North Gialo field, which could add up to 100,000 BOE/D of additional production. In 2025, TotalEnergies' net production in Libya averaged 113,000 BOE/D across several fields. The Waha concessions are held by Libya's National Oil Corporation (NOC) (59.16%), TotalEnergies (20.42%), and ConocoPhillips (20.42%) and are operated by Waha Oil Company, a wholly owned subsidiary of NOC. The summit also featured the signing of a memorandum of understanding (MOU) with Chevron to assess potential exploration and development opportunities, marking the company's re-entry into Libya after more than a decade. In addition, Libya and Egypt signed an oil and gas cooperation MOU, reinforcing regional coordination on energy security and infrastructure development between the two North African countries. Dabaiba also highlighted an $8 billion offshore gas project with Eni, which is scheduled to start up in 2026 and is expected to add about 750 MMscf/D of gas supply.;ENE;B- Usually reliable;2- Probably true;"Pubblicazione tecnica ufficiale della Society of Petroleum Engineers (SPE). Alta credibilit‡† tecnica su temi upstream e di ingegneria petrolifera; non specializzata in analisi geopolitica.";[ECO] The extension of Waha concession demonstrate that Libya is accelerating efforts to revive its oil and gas sector through revised fiscal terms, expanded international partnerships, and attracting foreign capital.;[ECO] The concession extension, also signed by ConocoPhillips, is expected to represent about $20 billion in foreign investment, according to Libyan Prime Minister Abdul Hamid Al-Dbeibeh.;Ritorno delle major energetiche occidentali;E - Economic
24/01/2026;Reuters;inglese;https://www.reuters.com/business/energy/libya-sign-25-year-deal-with-totalenergies-conocophillips-bring-over-20-billion-2026-01-24/;Libya signs 25-year oil deal with TotalEnergies and ConocoPhillips;"On 24 January 2026 Libya, through Waha Oil Company, signed a 25-year oil development agreement ‚Äãwith France's TotalEnergies and U.S.-based ConocoPhillips, involving more than $20 billion ""in foreign-financed investment, Prime Minister Abdulhamid al-Dbeibah said. A Waha source ‚Äãsaid the company's daily output typically ranges between 340,000 and 400,000 bpd under normal operations. The government also signed a memorandum of understanding with ‚ÄçU.S. oil major Chevron and a cooperation agreement with Egypt's oil ministry during the ""Libya ""Energy and Economy Summit being held in Tripoli.";ENE;A- Completely reliable;1- Credible/Confirmed;Agenzia di stampa internazionale di riferimento. Cross-verifica sistematica e redazione globale.;;[ECO]  the deal is aimed at boosting production capacity by up to 850,000 barrels per day (bpd) and is expected to generate net revenues of more than $376 billion, Dbeibah said in a post on X.;Ritorno delle major energetiche occidentali;E - Economic
24/01/2026;BBC Monitoring;inglese;https://monitoring.bbc.co.uk/product/b0005be2;Libya signs strategic oil agreements with US, French companies;Libya has signed a 25-year oil development agreement with France's TotalEnergies and US-based ConocoPhillips through Waha Oil Company, involving more than $20 billion in foreign-financed investment. Libyan Prime Minister Abdulhamid al-Dbeibah, who heads the UN-recognised, Tripoli-based Government of National Unity (GNU), announced the agreement in a post on X on 24 January. Dbeibah also announced the signing of a memorandum of understanding with major US oil company Chevron, alongside a cooperation agreement with Egypt's oil ministry, aimed at expanding regional and international partnerships in the energy sector.;ENE;B- Usually reliable;2- Probably true;Monitor media professionale. Aggregatore secondario affidabile ma soggetto a selezione editoriale. Non fonte primaria.;[ECO] The deals come as Libya seeks to draw foreign investment back into its oil sector after years of instability and disruptions caused by rival armed factions.;;Aumento della produzione energetica e prezzi del greggio;E - Economic
24/01/2026;@Dabaibahamid su X;arabo;https://x.com/Dabaibahamid/status/2014997781195128985;Tripoli GNU  signed strategic oil agreements  with US, French companies and Egypt;"Libya today witnesses the signing of strategic agreements and memoranda of understanding. Foremost among these partnerships is the signing of a long-term development agreement for 25 years within the Waha Oil Company, in partnership with the French ""TotalEnergies"" and the American ""ConocoPhillips,"" with investments exceeding 20 billion dollars through external financing outside the general budget. Additionally, there is a memorandum of understanding with the American ""Chevron"" company and a cooperation memorandum with the Ministry of Petroleum of the Arab Republic of Egypt.";ENE;D- Not usually reliable;4- Doubtful;Account X individuale filo-GNU. Non verificabile indipendentemente;[ECO] The strategic oil agreements  aim to increase production by an additional capacity of up to 850 thousand barrels per day, with net expected revenues for the state surpassing 376 billion dollars.;"[ECO] L'accordo rappresenta il primo grande progetto infrastrutturale realizzato in partenariato pubblico-privato al di fuori del settore energetico libico. Segna una nuova fase nel processo di ripresa economica del Paese e nella sua capacit‡† di attrarre operatori e investitori internazionali di primo piano attorno ai propri asset strategici. Il presidente della MFZ, Muhsin M. Sigutri, ha sottolineato il ruolo trainante della zona franca nella conduzione del progetto: "" Questo partenariato riflette la volont‡† di Misurata di dotarsi di infrastrutture moderne e competitive a livello internazionale, capaci di generare nuove attivit‡† economiche, sostenere l'occupazione locale e rafforzare la posizione della Libia all'interno delle catene di approvvigionamento regionali e globali. La Zona Franca di Misurata ‡® stata concepita come una porta d'ingresso per gli investimenti e la crescita; oggi compiamo un passo decisivo verso la realizzazione di questa ambizione "".";Aumento della produzione energetica e prezzi del greggio;E - Economic
20/01/2026;PR Newswire;italiano;https://www.prnewswire.com/it/comunicati-stampa/lautorita-della-zona-franca-di-misurata-firma-un-partenariato-pubblico-privato-strategico-da-2-7-miliardi-di-dollari-per-lo-sviluppo-del-porto-di-misurata-302664734.html;L'Autorit‡† della Zona Franca di Misurata firma un partenariato pubblico-privato strategico da 2,7 miliardi di dollari per lo sviluppo del porto di Misurata;;ECO;C- Fairly reliable;3- Possibly true;PR Newswire- servizio di distribuzione comunicati stampa aziendali e istituzionali. Non ‡® una fonte editoriale: pubblica verbatim gli annunci ufficiali degli emittenti senza filtro editoriale indipendente. Il comunicato rappresenta la posizione ufficiale dell'Autorit‡† della Zona Franca di Misurata (MFZ) e dell'investitore Maha Capital Partners. Rating C/3: il comunicato ‡® una fonte primaria per il fatto dell'accordo (PPP da 2,7 miliardi), ma il framing ‡® dichiaratamente promozionale e i dettagli finanziari (valutazione dell'accordo, track record di MCP, tempistiche operative) non sono verificati da fonti editoriali indipendenti. Cross-verifica con Reuters, FT o Africa Intelligence raccomandata prima di utilizzare i dati quantitativi del comunicato come fatti accertati.;[ECO] MISURATA, Libia, 20 gennaio 2026 /PRNewswire/ -- L'Autorit‡† della Zona Franca di Misurata (MFZ) annuncia la firma di un partenariato pubblico-privato storico volto a modernizzare, gestire, sviluppare ed espandere il porto della Zona Franca di Misurata, principale porta d'accesso dei container in Libia e primo hub marittimo del Paese in termini di attivit‡† commerciale. Nell'ambito di questo partenariato, la MFZ si associa a Maha Capital Partners (MCP), investitore internazionale specializzato in infrastrutture con sede a Doha (Qatar), e a Terminal Investment Limited (TIL), operatore portuale di MSC, la pi‡π grande compagnia mondiale di trasporto marittimo di container. Insieme, i partner condividono l'obiettivo di trasformare il porto di Misurata in un'infrastruttura moderna, efficiente e ad alta capacit‡†, rafforzando il ruolo della Libia negli scambi commerciali regionali e globali. Istituita nel 2000 come prima e pi‡π grande zona franca del Paese, la MFZ supervisiona un'area economica di 2.576 ettari, con piani di espansione fino a 20.000 ettari, e gestisce un porto che movimenta circa il 60-65% del traffico containerizzato nazionale. Questa posizione istituzionale unica consente alla MFZ di guidare la trasformazione di Misurata in un polo logistico e industriale regionale.;;Evoluzione del contesto eco;E - Economic
19/01/2026;BBC Monitoring;inglese;https://monitoring.bbc.co.uk/product/b0005a5z;Briefing: Libya signs $2.7bn deal with foreign firms to expand Misrata Free Zone;"Libya's Tripoli-based government signed on 18 January a $2.7bn partnership with foreign firms to expand the Misrata Free Zone. Qatari, Italian and Swiss companies are taking part, he added: the Mediterranean Shipping Company (MSC) global container shipping company, port operator Terminal Investment Limited and international infrastructure investor MCP (Maha Capital Partners). The pro-eastern Al-Masar TV channel meanwhile highlighted criticism issued by the east-based House of Representatives (HoR), accusing the Tripoli government of signing long-term contracts that concern the ""sovereign resources"" of the Libyan state and ""renounce"" the country's free zones. The HoR specifically pointed to the agreement signed with Italian and Qatari companies and said such agreements were marred by ""corruption, lack of transparency and political bargaining"". The statement also said some countries were trying to ""exploit the circumstances Libya is going through in order to plunder its wealth and resources"".";ECO;B- Usually reliable;2- Probably true;Monitor media professionale. Aggregatore secondario affidabile ma soggetto a selezione editoriale. Non fonte primaria.;"[ECO] Under the project, the Misrata Free Zone will eventually be able to handle four million containers annually. Dbeibah described the project as ""one of the largest maritime infrastructure projects in Libya's history"" and said it would generate operating revenues of around $500m annually and create 8,400 direct job opportunities and around 60,000 indirect job opportunities.";;Evoluzione del contesto eco;E - Economic
29/12/2025;BBC Monitoring;inglese;https://monitoring.bbc.co.uk/product/b0005680;Pakistan-east Libya deal seen as expanding China's influence in North Africa;Cairo-based, Libyan news outlet Al-Wasat spotlighted a Chinese media report, suggesting that Pakistan's arms deal with the east-based Libyan National Army (LNA) will include warplanes co-developed with China, in a step seen as boosting Beijing's reach in North Africa.;MIL;B- Usually reliable;2- Probably true;Monitor media professionale. Aggregatore secondario affidabile ma soggetto a selezione editoriale. Non fonte primaria.;"[MIL] The generally balanced Libyan outlet also highlighted comments by Liselotte Odgaard, a nonresident senior fellow at the Hudson Institute, who told the Chinese publication that the deal was ""a way of expanding China's geopolitical influence through defenceindustrial partnerships"". She added that it ""enables China to establish market presence behind the veneer of Pakistani exports"". Odgaard said that, with Chinese support, Pakistan was able to offer competitive aircraft along with training and maintenance - a model that could establish a precedent for future agreements in Africa or the Middle East.";"[MIL] AlWasat also highlighted comments by former Chinese Rocket Force instructor Song Zhongping to the South China Morning Post. He said the Pakistan-LNA deal was ""primarily a good thing for China"", noting that greater foreign use ""could help validate and demonstrate the capabilities of Chinese fighters.""";Accordo militare LNA-Pakistan e influenza cinese;M - Military
24/12/2025;BBC Monitoring;inglese;https://monitoring.bbc.co.uk/product/b00055n5;Briefing: Pakistan media praise reported Libya arms deal, Indian outlets wary;A reported arms deal worth over $4bn between Pakistan and Libya for supply of military equipment to the Libyan National Army (LNA) has brought Islamabad into the spotlight, fuelling debates on strategic implications. Islamabad has maintained silence over the reported agreement, while local media have provided largely factual coverage, with a few outlets suggesting that the deal positions Pakistan as a credible player in the global arms market.;MIL;B- Usually reliable;2- Probably true;Monitor media professionale. Aggregatore secondario affidabile ma soggetto a selezione editoriale. Non fonte primaria.;"[MIL] Pakistani media provided largely factual reportage on the development, with some outlets saying that the deal positions the country as a credible player in the global arms market. In its 24 December editorial, pro-military daily Pakistan Observer hailed the agreement as a ""historic milestone in the country's strategic and economic trajectory"", noting that, if implemented as planned, it would rank among Pakistan's largest-ever weapons export deals and ""signal a decisive maturation of its defence industry on the global stage"".";;Accordo militare LNA-Pakistan e influenza cinese;M - Military
22/12/2025;Daily Sabah;inglese;https://www.dailysabah.com/politics/legislation/turkish-parliament-approves-2-year-extension-of-troop-mandate-in-libya;Turkish Parliament approves 2-year extension of troop mandate in Libya;On 16 December the Turkish Parliament approved a motion extending the deployment mandate of the Turkish Armed Forces in Libya for an additional two years.The parliamentary motion emphasized that, within this framework, T‡ºrkiye continues to provide training and advisory support, contributing to Libya's security under the Security and Military Cooperation Memorandum of Understanding signed with Libya and now in force, and that T‡ºrkiye actively contributes to maintaining stability and calm on the ground. The motion noted that, at the current stage, it has not yet been possible to finalize a permanent cease-fire and the political dialogue process in Libya, nor to unify all institutions, particularly military and security bodies.;MIL;C- Fairly reliable;3- Possibly true;Quotidiano turco filo-governativo. Copertura Libia orientata agli interessi strategici di Ankara.;[MIL] Since April 2019, on request of Tripoli's Government, Turkey has maintained a military presence in Libya at the request of the country's internationally recognized government, providing training, advisory support and cooperation aimed at stabilizing the region. [POL] The are deep-rooted historical, political and economic ties between Turkey and Libya, which were further strengthened by the MoU on the Delimitation of Maritime Jurisdiction Areas in the Mediterranean that has been signed and entered into force in November 2019. [MIL] The motion noted that, at the current stage, it has not yet been possible to finalize a permanent cease-fire and the political dialogue process in Libya, nor to unify all institutions, particularly military and security bodies.;;Supporto militare turco;M - Military
22/12/2025;Reuters;inglese;https://www.reuters.com/world/asia-pacific/pakistan-strikes-4-billion-deal-sell-weapons-libyan-force-officials-say-2025-12-22/;Pakistan strikes $4 billion deal to sell weapons to Libyan force, officials say;Pakistan has reached a deal worth over $4 billion to sell military equipment to the Libyan National Army, four Pakistani officials said, despite a U.N. arms embargo on the fractured North African country. The deal, one of Pakistan's largest-ever weapons sales, was finalised after a meeting last week between Pakistan military chief Field Marshal Asim Munir and Saddam Khalifa Haftar, deputy commander-in-chief of the LNA, in the eastern Libyan city of Benghazi, said the four officials. A copy of the deal before it was finalised that was seen by Reuters listed the purchase of 16 JF-17 fighter jets, a multi-role combat aircraft that has been jointly developed by Pakistan and China, and 12 Super Mushak trainer aircraft, used for basic pilot training. One of the Pakistani officials said the deal included the sale of equipment for land, sea and air, spread over 2-1/2 years, adding it could also include the JF-17 fighter jets. Two of the officials said the deal was valued at more than $4 billion, while the other two said it amounted to $4.6 billion.;MIL;A- Completely reliable;1- Credible/Confirmed;Agenzia di stampa internazionale di riferimento. Cross-verifica sistematica e redazione globale.;"[MIL] A panel of experts, opens new tab said in a December 2024 report to the U.N. that the arms embargo on Libya remained ""ineffective"". The panel said some foreign states had become increasingly open about providing military training and assistance to forces in both eastern and western Libya despite the restrictions. It was not immediately clear whether Pakistan or Libya had applied for any exemptions to the U.N. embargo.";[MIL] The Libya deal would expand Pakistan's footprint in North Africa.;Accordo militare LNA-Pakistan e influenza cinese;T - Technological
18/12/2025;BBC Monitoring;inglese;https://monitoring.bbc.co.uk/product/b00054qy;Pakistan, Libya military chiefs vow to strengthen defence ties;Pakistan Chief of Defence Forces (CDF) and Chief of Army Staff Field Marshal Asim Munir on 18 December reaffirmed his country's commitment to strengthening defence ties with Libya based on shared interests, The Express Tribune newspaper reported on its website on 18 December. The development came during Munir's meeting with Field Marshal Khalifa Belqasim Haftar, Commander-in-Chief of the Libyan Arab Armed Forces, the report said. During the meeting, the two sides discussed matters of mutual interest, regional security and ways to enhance bilateral defence and military cooperation. They also emphasised the importance of collaboration in training, capacity building and counterterrorism, the report noted.;MIL;B- Usually reliable;2- Probably true;Monitor media professionale. Aggregatore secondario affidabile ma soggetto a selezione editoriale. Non fonte primaria.;;;Accordo militare LNA-Pakistan e influenza cinese;M - Military
18/12/2025;Atlantic Council ;inglese;https://www.atlanticcouncil.org/blogs/menasource/russias-most-important-middle-east-base-is-not-where-you-think/;Russia's most important Middle East base is not where you think;Frank Talbot analysis published on 18 December sayd that Russia expanded inland in Libya. The Maaten al-Sarra airbase provides a key example. This strategically located airbase near the borders with Chad and Sudan is a staging point for Russia's destabilizing operations across the Sahel. It predates the Assad regime's collapse and is reportedly financed by the United Arab Emirates. But beginning in December 2024, Russian equipment, personnel, and Syrian fighters tied to the Assad regime began arriving at the desert airbase. Although Maaten al-Sarra is a key location in Russia's southern Libya presence, Moscow uses multiple airfields as part of its transit corridor to the Sahel. These include the al-Khadim base in eastern Libya, the al-Jufra base in central Libya, the Brak al-Shati base near Sabha, and the al-Qardabiya base south of Sirte. Together, these dispersed locations form a resilient transit network connecting Russia's foothold in Syria to its growing activities in the Sahel, increasing Russia's ability to sustain Africa Corps deployments and arms supplies to its African partners. The inland network faces less international scrutiny, requires fewer political concessions from Libyan authorities, and gives Moscow access to remote corridors that support long-range logistical movements. Russia's increased presence in Libya over the past year hasn't gone entirely unchecked. The United States and its key international partners have sought to counter Russian activities and influence. This has primarily been through a strategy to accelerate military unification between eastern and western Libya, with promises of security cooperation and training. LNA Deputy Commander Saddam Haftar has been the main focus of these efforts to untangle the LNA from Russia's hold.  In 2025, USA has increased his military cooperation with Libya. In February, the United States sent two B-52H Stratofortress aircraft into Libyan airspace as part of a joint training with Libyan military tactical air controllers. In April, the US Navy conducted its first port call to Libya in over fifty years with stops in Tripoli and Benghazi. That same month, Ankara hosted a visit by LNA's Saddam Hafter, and in August, the Turkish Navy conducted port calls to both Tripoli and Benghazi as well. During the first week of December, AFRICOM Commander Gen. Dagvin Anderson met in Tripoli with Deputy Minister of Defense Abdulsalam Zubi and Chief of Staff Gen. Mohamed al-Haddad, as well as with Haftar and his son Deputy Commander Saddam Haftar in Benghazi. These discussions focused on maintaining regional stability, supporting Libyan efforts to unify military institutions, and US-Libya security cooperation, including Flintlock 26.On the sidelines of the UN General Assembly this September, the United States hosted a senior officials meeting on Libya. Participants included representatives from Egypt, France, Germany, Italy, Qatar, Saudi Arabia, Turkey, the United Arab Emirates, and the United Kingdom. The importance of Libyan east-west security integration was highlighted, as was the importance of modifying the UN arms embargo in January 2025, which enables joint training and technical assistance in support of east-west integration. ;MIL;B- Usually reliable;3- Possibly true;"Atlantic Council- think tank atlantista con sede a Washington DC. Produce analisi geopolitiche di qualit‡† su Medio Oriente e Africa con contributi di ex-diplomatici e ricercatori esperti. Orientamento pro-NATO e pro-occidentale che pu‡≤ influenzare la selezione e l'enfasi delle informazioni. Rating B/3: fonte di secondo livello con bias sistemico identificabile; utile per comprendere la narrativa occidentale, ma le analisi vanno cross-verificate con fonti indipendenti (es. International Crisis Group, Chatham House) per una valutazione bilanciata.";[MIL] Russia nevertheless has spent the past year building up its logistical network in eastern and southern Libya. Serving as a transit hub, Libyan airbases give Russia the ability to reach deep into the African continent, where it seeds for instability with arms shipments and members of its Africa Corps-a Russian defense ministry-controlled paramilitary group and successor to the Wagner Group. One year after the fall of Assad, Russia's most important bases in the region may not be Khmeimim Air Base or the Tartus naval facility in Syria, but instead a handful of small air bases scattered across Libya. ;;Esercitazione militare congiunta Flintlock 2026;M - Military
23/11/2025;FT;inglese ;https://www.ft.com/content/0ce8d859-50c4-49a0-920e-f9691a3a145e;Oil majors return to Libya as Tripoli launches first exploration auction in 18 years;A delegation from the Tripoli-based Libyan government has been visiting Washington this week to drum up interest in the country's first auction of oil exploration licences for 18 years. Oil majors Shell, Chevron, TotalEnergies, Eni and Repsol are all pre-qualified to bid in the round that offers exploration rights across the country, after Exxon signed a deal in August to explore for gas off the Libyan coast.;ENE;A- Completely reliable;1- Credible/Confirmed;"Financial Times- quotidiano finanziario internazionale fondato nel 1888. Tra i pi‡π autorevoli media di riferimento globale per economia, finanza e geopolitica. Rating A: standard editoriali eccellenti, redazione internazionale specializzata, policy rigorosa di verifica delle fonti. Nota sull'attendibilit‡† differenziata: A/1 per notizie fattuali verificate (es. firma accordi, dati NOC); A/2 per articoli di analisi o inchiesta basati su ""persone a conoscenza della vicenda"" non identificate- come nel caso del piano Boulos del 17/06/2026, dove le fonti restano anonime.";"[ECO] The world's biggest energy companies are returning to Libya as they hunt for new oil and gas reserves. Tripoli's petroleum ministry and NOC had already signed a memorandum of understanding with Chevron and were in discussions with ConocoPhillips.The revived interest in the country, which remains divided between two rival governments and their affiliated armed groups, comes as energy companies seek to boost their reserves. The problem is that while the world ""recognises the NOC‚Äù as the only legitimate entity to ""produce and export oil‚Äù from Libya, ""Haftar and his sons are controlling‚Äù parts of the country that contain some critical reserves, Alfiste said. [MIL] Regional analysts have warned of a growing Russian military presence in the country's east and south with corruption widespread across sectors. Moscow is a longtime backer of Haftar.";"[ECO] The Tripoli government, which controls the west of the country, is keen to boost the country's production from 1.4mn to 2mn barrels per day by 2030, and is offering new production sharing agreements to encourage investment. In Washington, the Libyan delegation has sought to convince the US that it can become a major supplier of oil and gas and that Tripoli needs US help to get Russia out of Libya and unify the country and its economy. The Tripoli-based government believes the return of western oil companies across Libya could help boost Tripoli's leverage and stabilise the country, officials said, while increased Libyan oil production would provide an alternative to Russian oil. Tim Eaton, a Libya specialist at Chatham House in London, said: ""The risk is that these kinds of deals brokered via Libyan elites are going to solidify the status quo rather than provide an opportunity to transform it,‚Äù he said.";Investimenti occidentali;E - Economic
18/11/2025;Reuters;inglese;https://www.reuters.com/world/africa/rival-libya-parliaments-agree-unified-development-programme-central-bank-says-2025-11-18/;Rival Libya parliaments agree to 'unified' development programme, central bank says;"Representatives from Libya's two legislative chambers signed a deal for a ""unified development programme"" on 18 November 2025, the central bank said, in a step towards uniting the finances of the country's rival administrations. The bank said the agreement ""establishes a clear framework for unifying spending channels and allocating funds for development projects,"" adding it was ""a proactive and necessary step to protect the macroeconomy from larger crises"".";ECO;A- Completely reliable;1- Credible/Confirmed;Agenzia di stampa internazionale di riferimento. Cross-verifica sistematica e redazione globale.;[ECO] The Central Bank of Libya did not give details of the programme, but development spending has historically been a major conduit for the billions of dollars in oil revenues the rival administrations have vied to control.;;Evoluzione del contesto eco;E - Economic
03/10/2025;Atlantic Council ;inglese;https://www.atlanticcouncil.org/blogs/menasource/us-italy-and-turkey-alignment-could-push-the-needle-in-libya/;US, Italy, and Turkey alignment could push the needle in Libya;The most interesting development of the summer has been the alignment of American, Italian, and Turkish strategy towards Libya around a balanced engagement model that the United States has been deploying in recent years. By September of this year, it was apparent that all three of these influential external actors were aligning on what had been the United States' approach of balanced engagement across Libya's divide. In addition to emphasizing balance, Turkey, Italy, and the United States are increasingly linking commerce with security in their dealings with Libyan counterparts. Energy projects, infrastructure initiatives, and trade opportunities are now frequently linked to security cooperation and migration management. ;POL;B- Usually reliable;3- Possibly true;"Atlantic Council- think tank atlantista con sede a Washington DC. Produce analisi geopolitiche di qualit‡† su Medio Oriente e Africa con contributi di ex-diplomatici e ricercatori esperti. Orientamento pro-NATO e pro-occidentale che pu‡≤ influenzare la selezione e l'enfasi delle informazioni. Rating B/3: fonte di secondo livello con bias sistemico identificabile; utile per comprendere la narrativa occidentale, ma le analisi vanno cross-verificate con fonti indipendenti (es. International Crisis Group, Chatham House) per una valutazione bilanciata.";[POL] What is clear is that despite Libya remaining relatively low on the priority list in Washington, US influence on Libyan policy remains real and visible. Washington has, in recent years, focused its Libyan policy on building stability, with a focus on encouraging steps toward security integration and preserving the independent and technocratic nature of key sovereign institutions like the National Oil Corporation and the Central Bank of Libya. Spearheaded by Boulos, the United States has recently increased its emphasis on commercial engagement, prioritizing support to US businesses looking to enter the lucrative Libyan market. Rome's calculus looks different.  Italian politics are dominated by migration pressures, and Libya remains the focus of the central Mediterranean route.  At the same time, natural gas imports and energy projects are viewed in Rome as essential for Italy's long-term economic security. Ankara views Libya as both an economic and geopolitical stage. Its military presence and commercial contracts give it leverage, while recent outreach to eastern leaders suggests that Turkey wants to exert influence on both sides of the country's divide.;[POL] This new convergence in strategy on Libya, Washington, Ankara, and Rome can-through sustained diplomacy with eastern and western factions-reinforce the economic opportunities presented by institutional unification and reform in Libya. ;Presenza militare e influenza della Turchia;P - Political
09/07/2025;Journal of Petroleum and Technology (JPT);inglese;https://jpt.spe.org/bp-shell-ink-deals-to-boost-libyas-oil-output;BP, Shell Ink Deals To Boost Libya's Oil Output;"At a ceremony held in London on 7 July, BP announced plans to reopen its Tripoli office in late 2025. During the event, company executives inked a memorandum of understanding (MOU) with Libya's National Oil Corp. (NOC) to explore new opportunities. BP will assess rehabilitation of Libya's Sarir and Messla oil fields in the Sirte Basin which rank among Triopli's largest hydrocarbon resources, while also evaluating unconventional asset development across the war-torn country. The MOU also includes evaluating the exploration potential of areas adjacent to the Sarir and Messla fields, as well as conducting studies ""to understand the country's wider unconventional oil and gas potential,‚Äù according to the release.On the same day in London, but during a separate meeting, Shell reached an agreement with NOC to evaluate hydrocarbon prospects and conduct a comprehensive technical and economic feasibility study for the development of the al-Atshan field and other fields fully owned by NOC. The agreement excludes any areas where third parties hold rights. NOC announced the deal in a news release, which the Financial Times later confirmed with Shell. BP re-entered Libya in 2007 after signing an exploration and production sharing agreement (EPSA) covering exploration areas A and B (onshore), and area C (offshore)-areas unrelated to the Sarir and Messla MOU just reached. A declaration of force majeure which put the EPSA on hold in 2011 was lifted in 2023 and onshore exploration resumed, according to BP. In 2022, BP sold Eni a 42.5% exploration operator interest in the EPSA while BP retained BP 42.5% interest. The Libyan Investment Authority holds the remaining 15%.";ENE;B- Usually reliable;2- Probably true;"Pubblicazione tecnica ufficiale della Society of Petroleum Engineers (SPE). Alta credibilit‡† tecnica su temi upstream e di ingegneria petrolifera; non specializzata in analisi geopolitica.";[ECO] As Africa's top oil producer, Libya is ramping up momentum-offering 22 exploration areas and welcoming BP back to Tripoli with a major deal.;;Aumento della produzione energetica e prezzi del greggio;E - Economic
23/06/2025;RFI;inglese;https://www.rfi.fr/en/africa/20250623-libya-s-al-khadim-airbase-becomes-a-hub-for-russian-arms-in-the-sahel;Libya's Al-Khadim airbase becomes a hub for Russian arms in the Sahel;Using satellite imagery and flight radar information, RFI's investigative unit Info V‡©rif was able to trace last month's voyage of a Russian Antonov-124 plane, which took off from the Hmeimin base and arrived at the Al-Khadim base in Libya.;MIL;B- Usually reliable;2- Probably true;Radio France Internationale- media pubblico francese. Copertura Africa estesa, generalmente affidabile.;"[MIL] Amid renewed relations with Libya, Russia is relying on the Al-Khadim base near Benghazi to strengthen its military presence in the Sahel region of Africa, according to an RFI investigation published on 23 June 2025. For Lou Osborn, of the All Eyes On Wagner collective, this presence can be explained by a rapprochement between Moscow and Benghazi. The fall of Bashar al-Assad's regime in Syria also sped up a push for stronger diplomatic ties elsewhere, Osborn said. ""We saw a kind of logistical ballet of Russian planes towards Libya. There is a fairly strong rapprochement, political and military, between Haftar's Libya and the Kremlin.""";;Presenza e movimenti militari russi (Africa Corps);M - Military
09/01/2025;JPT;inglese;https://jpt.spe.org/bp-eni-repsol-omv-return-to-libya-ending-10-year-absence;BP, Eni, Repsol, OMV Return to Libya, Ending 10-Year Absence;At the end of October 2024, Eni and BP initiated exploration activities with the Libyan Investment Co. in Area B of the Ghadames Basin, northwest Libya, starting exploration drilling at well A1-96/3 (Hasheem Prospect) under the 2007 Type IV Contracting Agreement. ‚ÄéMellitah Oil & Gas, a 50/50 joint venture between Eni and NOC, is overseeing drilling based on its experience in the commissioning and development of the Al Wafa field, according to The Arab Weekly which quoted NOC as saying that a range of promising geological formations will be tested at well A1-96/3, with a final well expected to reach 3147 m (10,327 ft).‚Äé ‚ÄéWell A1-96/3 is about 35 km from the Wafa field and about 650 km from the capital, Tripoli.‚Äé Austria's OMV is exploring in the Sirte Basin, according to NOC. Repsol began drilling the A1-2/130 (Muammal Nsr) exploration well on 31 December 2024, in the country's southwest, 12 km from Libya's largest oil field, Sharara, as reported by Reuters. The well is slated to be drilled to a depth of 1844 m (6,050 ft). It is one of six wells in Repsol's NC115 and NC186 license areas in the southwestern Murzuq basin that the company was scheduled to drill when it announced a resumption of its exploration activities in April in a news release. Akakus, a joint venture of NOC in partnership with Repsol, TotalEnergies, OMV, and Equinor, operates the Sharara oil field which the partners hope to ramp up to a targeted 260,000 BOPD. Sharara's production capacity is 320,000 B/D, according to Zacks Investment Research.;ENE;B- Usually reliable;2- Probably true;"Journal of Petroleum Technology (SPE). Alta credibilit‡† tecnica; stessa valutazione di ""Journal of Petroleum and Technology (JPT)"".";;;Evoluzione del contesto ene;E - Economic
16/11/2024;ekathimerini.com;inglese;https://www.ekathimerini.com/politics/foreign-policy/1253669/turkey-expands-grip-in-libya/;Turkey expands grip in Libya;The Turkish military operates in various Libyan locations including the Joint Ground Training and Exercise Center in Tajoura and the Special Forces Center in Al-Khums. Turkish forces are also present at key airbases like Al-Watiya, Misrata and Mitiga. In total around 3,000 Turkish personnel are currently deployed in Libya comprising over 2,000 TAF soldiers and approximately 800 private military contractors from the Turkish company SADAT. Additionally up to 50 Turkish intelligence operatives (MIT) are believed to be active on Libyan soil. Turkeys focus is primarily on training the forces loyal to the Tripoli-based Government of National Unity (GNU). Ankaras support extends to supplying military equipment like Bayraktar TB2 drones, T-155 Firtina howitzers and Hawk air defense systems. Ankara maintains a permanent naval presence off the Libyan coast with two warships patrolling the waters near Tripoli. The logistical support network is bolstered by an estimated 280 cargo flights conducted by Turkish C-130 and A400 transport aircraft circumventing Greek airspace to reach Tripoli.;MIL;B- Usually reliable;2- Probably true;ekathimerini.com ‡® l'edizione in lingua inglese di Kathimerini, storico quotidiano greco di qualit‡† (fondato nel 1919), con elevati standard editoriali e forte copertura geopolitica del Mediterraneo e del Medio Oriente. AFFIDABILIT‡Ä (B): fonte generalmente affidabile, con redazione professionale e giornalismo verificato. Tuttavia, in ragione della rivalit‡† strategica greco-turca nell'EastMed e della disputa marittima Grecia-Libia-Turchia, la copertura delle attivit‡† militari turche in Libia presenta un orientamento editoriale documentato che enfatizza l''espansione' di Ankara. Non ‡® fonte primaria per la Libia. Rating B. ATTENDIBILIT‡Ä (2- Probabilmente vera): i dati strutturali citati nell'articolo (presenza turca dal 2019, basi Al-Watiya/Misrata/Mitiga/Tajoura, TB2 Bayraktar, presenza navale) sono confermati da fonti indipendenti di primo livello (Reuters, BBC Monitoring, Atlantic Council, Daily Sabah). Le cifre specifiche (ca. 3.000 militari, ~800 contractor SADAT, 50 operativi MIT, 280 voli cargo) risultano plausibili e coerenti con il quadro generale ma non sono verificabili indipendentemente, mancando di fonti nominative. Il framing 'Turkey expands grip' riflette la prospettiva greca nella rivalit‡† strategica con Ankara. Cross-verifica raccomandata con fonti turche (Daily Sabah) e internazionali (BBC Monitoring). Notizia di nov. 2024, parzialmente datata rispetto all'attualit‡† ma strutturalmente valida per il periodo di riferimento.;[MIL]Turkey is steadily expanding its influence in Libya through a multifaceted approach that includes a significant military presence and ambitious economic projects. This military footprint aligns with Ankaras long-term strategic goals. Libya is Ankaras second-largest trading partner in Africa with annual trade volume reaching $4.5 billion.;"Continued Turkish military presence and deepening economic ties with the GNU-controlled west; possible expansion of influence to eastern Libya via diplomacy.";"Presenza militare turca; SADAT; Bayraktar TB2; cooperazione navale; rivalit‡† greco-turca EastMed";T - Technological
